segment_id,meeting_id,ref,hyp
seg_0000,3nuCdzuyqng,tức là so với trước đây ấy hiệp có biết ờ thông tin hiện tại của công ty meta có tuyển nhiều junior không hay là hay là ít hơn so với trước đây,tức là so với trước đây ý hiệp có biết thông tin hiện tại của công ty meta có tuyển nhiều trụ nhiều không hay là ít hơn so với trước đây
seg_0001,3nuCdzuyqng,ờ thì hiện tại thì mình thấy công ty của mình tuyển ít ít software engineer nhưng mà tuyển nhiều về ai engineer ờ thì ai engineer thì họ sẽ yêu cầu,à thì hiện tại thì mình thấy công ty của mình tuyển ít software engineer nhưng mà tuyển nhiều về ai engineer thì ai engineer thì họ sẽ yêu cầu
seg_0002,3nuCdzuyqng,dạng như là ừ ừ phải có kinh nghiệm rồi phải có nói chung là phải giỏi phải có phd các kiểu các kiểu họ prefer như vậy ờ thì theo mình thấy là junior software engineer cũng thấy ít tuyển rồi đó,dạng như là phải có kinh nghiệm rồi phải phải có nói chung là phải giỏi copy happy các kiểu các kiểu prefer như vậy thì theo mình thấy là junior software engineer cũng thấy ít tuyển rồi đó
seg_0003,3nuCdzuyqng,ừ mình mình nghe mark zuckerberg có phỏng vấn trước cái truyền thông ờ và public thông tin trên mạng rồi ha thì ông nói rằng ờ trong 5 nay hoặc là 5 sau thì,mình mình nghe mark zuckerberg có phỏng vấn trước cái truyền thông public thông tin trên mạng rồi đó hả thì ông nói rằng trong 5 nay hoặc là 5 sau thì
seg_0004,3nuCdzuyqng,ổng muốn là thay thế mix software engineer với lại senior software engineer các kiểu thay thế mix software engineer bằng senior software engineer vì vậy thì theo mình thì nhu cầu tuyển dụng về junior các kiểu thì cũng cũng sẽ ít đi rồi giảm đi rất là nhiều,ổng muốn là thay thế mixed software engineer với lại single software engineer kiểu thay thế mixed software engineer bằng single software engineer vì vậy thì theo mình thì nhu cầu tuyển dụng về junior các kiểu thì cũng cũng sẽ ít đi rồi giảm đi rất là nhiều
seg_0005,3nuCdzuyqng,thực ra thì ờ chỗ mình thì team mình và những cái team gọi là six the team của của của của của team của mình thì thì trước giờ thì cũng cũng rất là ít tuyển junior nhưng mà lý do tại vì mình,thực ra thì chỗ mình thì team mình và những cái team gọi là sister team của team của mình thì trước giờ thì cũng rất ít tuyển junior nhưng mà lý do tại vì
seg_0006,3nuCdzuyqng,ờ công ty mình thì có có 1 cái pipeline từ từ từ sinh viên intern đấy ở canada thì thường là nó gọi là co-op co-op thì tương đương với việc các bạn đi intern mùa hè ở việt nam ấy mà chỉ khác là co-op ở canada là các bạn có thể co-p ở ngay trong 1 kỳ chính luôn các bạn nghỉ,ờ công ty mình thì có có 1 cái pipeline từ từ từ từ sinh viên intern đấy ở ca na đa thì thường là nó gọi là co-op co-op thì tương đương việc các bạn đi intern mùa hè ở việt nam ấy với chuyện khác là co-op ở ca na đa là các bạn có thể co-op ở ngay trong mùa kịch chính luôn các bạn nghỉ
seg_0007,3nuCdzuyqng,1 kỳ ở trường các bạn đi dùng cái kỳ kỳ đi làm full time intern thì từ trước đến giờ thì công ty mình cũng gọi là tuyển junior theo cái theo cái cách như vậy theo cách là đầu tiên là tuyển những bạn co-op những bạn intern,1 kỳ ở trường là các bạn định dùng cái kỳ kỳ lại làm full time intern thì từ trước tới giờ thì công ty mình cũng gọi là tuyển junior theo cái thì theo cách như vậy theo cách là đầu tiên là tuyển những bạn cô học những bạn intern
seg_0008,3nuCdzuyqng,thì thì ở canada thì có 1 cái rất là hay tức là những nếu mà nếu mà các công ty đi tuyển co-op student ấy thì thì sẽ được chính phủ hỗ trợ à hỗ trợ trả lương đến thậm chí là lên đến 75 lương của các bạn intern đấy nên là,thì thì ở canada thì có 1 cái rất hay đó là nếu mà nếu mà công ty đi tuyển câu học student ấy thì sẽ được chính phủ hỗ trợ hỗ trợ trả lương đến thậm chí lên đến 75 phần 0 lương của các bạn intern đấy nên là
seg_0009,3nuCdzuyqng,công ty ờ công ty mình thì tận dụng cái chương trình đấy rất là nhiều và thường là các bạn intern hay co-op đã làm được ví dụ 12 kỳ rồi bắt đầu cưng cứng rồi thì mình sẽ convert lên thành junior đấy chứ còn tuyển junior trực tiếp kiểu,công ty mình thì tận dụng cái chương trình đấy rất là nhiều và thường là các bạn intern hay cô học đã làm được ví dụ 12 kỳ rồi bắt đầu cương cứng rồi thì bọn mình sẽ convert lên thành junior đấy chứ còn tuyển junior trực tiếp kiểu
seg_0010,3nuCdzuyqng,new grad ra trường thì thì ờ ở chỗ mình thì rất là ít thông tin này khá là hay như vậy là anh em nào mà là sinh viên tầm 5 3 5 4 tại các trường hay các ngành,của new grad ra trường thì thì ở chỗ mình thì rất là ít thông tin này khá là hay như vậy là anh em nào mà là sinh viên tầm 5354 tại các trường hay các ngành
seg_0011,3nuCdzuyqng,khoa học máy tính các thứ ấy thì anh em nên là tìm kiếm cơ hội intern càng sớm càng tốt vì đấy sẽ là 1 cái cơ hội 1 cái tấm vé nó sẽ là 1 con đường nó dễ dàng hơn để anh em có thể chuyển đổi lên thành junior và có những cơ hội làm việc,khoa học máy tính các thứ ấy thì anh em nên là tìm kiếm cơ hội intern càng sớm càng tốt vì đấy sẽ là 1 cái cơ hội 1 cái tấm vé nó sẽ là 1 con đường nó dễ dàng hơn để anh em có thể chuyển đổi lên thành junior và có những cơ hội làm việc
seg_0012,3nuCdzuyqng,tiếp theo so với việc là ra trường rồi thì mới đi tìm công việc ok ờ bạn hoàng có câu hỏi là có anh nào sang nước ngoài theo dạng học xong đại học rồi đi du học,ok bạn hoàng có câu hỏi là có anh nào sang nước ngoài theo dạng học xong đại học rồi đi du học
seg_0013,3nuCdzuyqng,chứ không phải sang theo công việc không ạ chứ em thấy dạo này bão hòa rồi thì sẽ khó sang nhờ công việc hơn vậy thì các anh có tips nào để xin đi du học không ạ tức là ở đây thế thì nhân câu hỏi này của hoàng,chứ không phải sang theo công việc không ạ chứ em thấy dạo này bão hòa rồi thì sẽ khó sang nhờ công việc hơn vậy thì các anh có tips nào để xin đi du học không ạ
seg_0014,3nuCdzuyqng,thì à thì mình sẽ sẽ hỏi các giảng viên luôn là à mọi người sang đấy theo đường là đi làm hay là đi học thì anh bồng trả lời trước được không anh anh học ở việt nam anh sang nước ngoài theo dạng,thì thì mình sẽ sẽ hỏi các giảng viên luôn là mọi người sang đấy theo đường là đi làm hay là đi học thì anh bồng chờ trước được không anh anh học ở việt nam anh sang nước ngoài theo giảng
seg_0015,3nuCdzuyqng,đi làm công ty đầu tiên anh sang bên đấy là công ty nào à sang anh sang sing là sang grab còn sang úc thì là anh sang safety culture ok hiệp thì sao ờ mình thì,công ty đầu tiên anh sang bên đấy là công ty nào đó anh sang singh là sang grab còn sang úc là anh sang safety culture ok hợp thì sao
seg_0016,3nuCdzuyqng,sang singapore làm ở shopee đầu tiên ok anh quỳnh thì sao trong vấn đề du học thì anh nghĩ là duy sẽ am hiểu hơn anh em 1 chút xíu về về con đường du học vì duy chắc là sang du học bên đấy dạ còn anh thì cũng là đi con đường đi làm thôi,sang singapore làm ở shopping đầu tiên theo vấn đề du học thì anh nghĩ là duy sẽ am hiểu hơn anh em 1 chút xíu về con đường du học duy chắc là sang du học bên đấy còn anh thì cũng làm đi con đường đi làm thôi
seg_0017,3nuCdzuyqng,câu hỏi này hỏi tôi thì chắc là đúng người đấy tại vì tôi là người chắc là ở đây người duy nhất là đi theo con đường là đi du học sang rồi mới kiếm việc câu hỏi của bạn là tips nào để xin du học thì theo mình thấy thì,câu hỏi này hỏi tôi thì chắc là đúng người đấy tại vì tôi là người ở chắc ở đây người duy nhất là đi theo con đường là đi du học sang rồi mới kiếm việc câu hỏi của bạn là tiếp nào để xin du học thì theo mình thấy thì thiếu
seg_0018,3nuCdzuyqng,đầu tiên là các bạn xác định xem là du học thì cũng có cũng cũng có nhiều kiểu du học đúng không ví dụ các bạn sang ví dụ các bạn học 1 ngành khác ở việt nam xong các bạn sang học đại học về computer science chẳng hạn hoặc là các bạn sang học master master thì có nhiều loại ví dụ master coursework là,thì đầu tiên là các bạn xác định xem là ờ du học thì cũng cũng cũng có nhiều kiểu du học đúng không ví dụ các bạn sang ví dụ các bạn học 1 ngành khác ở việt nam xong các bạn sang học đại học về wc chẳng hạn hoặc là các bạn sang học master master thì có nhiều loại ví dụ master cost work là
seg_0019,3nuCdzuyqng,à master chỉ đi học thôi xong rồi ví dụ 1 đến 1 5 rưỡi sau là là là ra ngoài đi làm hoặc là master theo kiểu research là kiểu master định hướng học xong thì lên phd đúng không thì đầu tiên mình nghĩ bạn cần xác định,master chỉ đi học thôi xong rồi ví dụ 1 đến 15 rưỡi sau là ra ngoài đi làm hoặc là master theo kiểu research là kiểu master định hướng học xong thì lên twitch đi đúng không thì đầu tiên mình nghĩ bạn cần xác định
seg_0020,3nuCdzuyqng,rõ xem là bạn định định học theo hướng nào đã tại vì mỗi mỗi mỗi cái hướng đấy thì nó lại có những yêu cầu khác nhau ví dụ các bạn nếu mà muốn học master về research chẳng hạn thì thì ờ tốt nhất là nên có cái kinh nghiệm nghiên cứu và à,rõ xem là bạn định học theo hướng nào đã tại vì mỗi mỗi 1 hướng đấy thì nó lại có những yêu cầu của nhau ví dụ các bạn nếu muốn học master về research chẳng hạn thì thì ờ ơ tôi nghĩ là nên có cái kinh nghiệm nghiên cứu và à
seg_0021,3nuCdzuyqng,academic academic profile ví dụ điểm điểm số ở trường phải tốt 1 chút đấy còn nếu mà sang học lại đại học hoặc là học master theo kiểu kiểu coursework thì mình thấy là à không quá khó đấy thì,academic profile ví dụ điểm xếp điểm số hiệu trưởng phải tốt 1 chút đấy còn nếu mà sang học lại đại học hoặc là học master theo kiểu cost work thì thì mình thấy là à không quá khó đấy thì
seg_0022,3nuCdzuyqng,thực ra là cũng cũng không đấy cũng cũng nhiều trường họ tuyển đấy thì lúc đấy là mình nghĩ các bạn cần focus nhiều hơn vào việc là chọn những cái trường nào mà cho mình cơ hội tốt đấy ví dụ à mình biết cái này không ở canada nhưng mình có nghe là ví dụ ở ở mỹ nó có 1 trường,thực ra cũng cũng không đấy cũng cũng cũng nhiều trường họ tuyển đấy thì lúc đấy là mình nghĩ các bạn cần focus nhiều hơn vào việc là chọn những cái trường nào mà cho mình cơ hội tốt lại ví dụ à mình biết cái này không ở canada nhưng mình có nghe là ví dụ ở mỹ là có 1 trường
seg_0023,3nuCdzuyqng,nó gọi là cái trường gì sam houston state trường gì đấy cái trường đấy là trường mà ranking mà rất gọi rất là bình thường thôi nhưng mà người ta thống kê được tại vì cái vị trí địa lý của của trường đấy rất là tốt nên là trường đấy lại là trường mà có số lượng sinh viên sau khi ra trường mà đi làm cho apple nhiều nhất trong tất cả trường đại học ở mỹ chứ không phải là trường,nó gọi là trường gì san jose state hay trường gì ấy cái trường đấy là trường mà ranking mà dựa gọi là rất là bình thường thôi nhưng mà người ta đăng kê được ạ tại vì cái vị trí đại lý của trường đấy rất là tốt nên là trường đấy lại là trường mà có số số lượng sinh viên sau khi ra trường mà đi làm cho apple nhiều nhất trong tất cả trường đại học ở mỹ chứ không phải là trường
seg_0024,3nuCdzuyqng,harvard hay trường gì cả đó ồ có 1 số insight khá là hay ờ ok nếu mà minh hoàng có câu hỏi thì em cứ đặt thêm nhé hoặc là có cơ hội thì cứ kết nối với anh duy,hàm ớt đây chẳng gì cả
seg_0025,3nuCdzuyqng,à ok chắc là mình sẽ chuyển sang 1 số câu hỏi ờ trong cái timeline chương trình sau đấy mình sẽ tiếp tục quay lại các câu q a của các bạn nhé rồi ờ câu hỏi tiếp theo là,à ok chắc là mình sẽ chuyển sang 1 số câu hỏi trong cái timeline chương trình sau đấy mình sẽ tiếp tục quay lại các câu qna của bạn nhé
seg_0026,3nuCdzuyqng,1 ngày làm việc điển hình của bạn như thế nào tại các công ty big tech thì à thì em sẽ hỏi anh quỳnh trước đi 1 ngày làm việc điển hình của anh quỳnh à 1 ngày làm việc điển hình của anh ạ ừ chắc là đi đến công ty a ờ 9 00,1 ngày làm việc điển hình của bạn như thế nào tại các công ty big tay thì à thì em sẽ hỏi anh quỳnh trước đi 1 ngày làm việc điển hình của anh quỳnh à 1 ngày làm việc điển hình của anh ạ ừ chắc là đi đến công ty à ờ
seg_0027,3nuCdzuyqng,sáng này đi đến công ty này à lấy 1 chút cà phê xong rồi nếu mà gặp anh em nào đấy thì hỏi thăm nhau anh em đầu đó 1 tầm 1 chút này sau đó đến tầm ờ vào thì làm 1 số check mail xong rồi là ờ đến 10 00 thì có 1 cái meeting,những giờ sáng này đi đến công ty này à lấy 1 chút cà phê xong rồi ờ nếu mà gặp anh em nào đấy thì hỏi thăm nhau anh em đâu đó 1 chút này sau đó đến tầm ờ ờ vào thì làm 1 số check mail xong rồi ờ ờ đến 10 giờ thì có 1 cái meeting
seg_0028,3nuCdzuyqng,về daily meeting của team này thì report những cái gì làm việc gì cho team này sau đấy sau sau 10 giờ thì bắt đầu là vào focus vào những cái việc công việc của mình có thể là design viết design doc có thể là chúng ta implement feature chúng ta viết design doc và chúng ta có 1 vài team,về daily meeting của team này thì report những gì làm việc gì cho team này sau đó sau 10 giờ thì bắt đầu là vào focus vào những công việc của mình có thể là design viết design doc có thể là chúng ta implement feature viết design doc và chúng ta có 1 vài team
seg_0029,3nuCdzuyqng,à 1 vài thành viên ngồi gần chúng ta có thể tương tác với nhau để chúng ta push cái cái cái project đi lên và đến đến đó đến giờ trưa chúng ta có thể nghỉ 1 chút xíu đi ăn trưa gì đó xong đến giờ chiều chúng ta ờ vẫn tiếp tục focus,ăn 1 vài thành viên ngồi gần chúng ta có thể tương tác với nhau để chúng ta push cái cái cái cái project đi lên và đến đến đến giờ trưa chúng ta có thể nghỉ 1 chút xíu đi ăn trưa gì đó không đến giờ chiều chúng ta vẫn tiếp tục focus
seg_0030,3nuCdzuyqng,vào cái project thôi còn nếu mà ờ anh em nào mà làm nhiều project 1 lúc ấy thì đấy là cái lúc mà anh em có thể là làm với những cái dành nhiều thời gian để chúng ta communicate với những cái team mà ở ở cái múi giờ khác nhiều hơn thì thì đấy là 1 cái 1 cái ngày làm việc điển hình của anh là như vậy,thớt vào cái project thôi còn nếu mà ờ anh em nào mà làm nhiều project 1 lúc ấy thì đấy là cái lúc mà anh em có thể là làm những cái dành nhiều thời gian để chúng ta communicate với với những cái team mà ở ở cái múi giờ khách nhiều hơn thì thì đấy là 1 cái 1 cái ngày làm việc điển hình của anh đấy nhé
seg_0031,3nuCdzuyqng,ok ờ các anh em khác thì sao có tương tự như thế không hay là sẽ khác 1 chút à công ty mình chắc khác 1 chút tại công mình công ty mình có phục vụ phục vụ đồ ăn thì,ok ờ các anh em khác thì sao có tương tự như thế không hay là sẽ khác 1 chút ờ công ty mình check khác 1 chút tại công ty mình có phục vụ đồ ăn
seg_0032,3nuCdzuyqng,ờ công ty mình thì có phục vụ ăn sáng là từ 8 00 tới 10 00 sáng ăn trưa là 12 00 cho tới 2 00 chiều ăn tối là từ 6 00 tối cho tới 8 00 tối thì ờ để mà ăn được 3 bữa như vậy thì mình cũng phải à phải,công ty mình thì có phục vụ ăn sáng là từ 8 giờ tới 10 giờ sáng ăn trưa là 12 giờ cho tới 2 giờ chiều ăn tối là từ 6 giờ tối cho tới 8 giờ tối thì để mà ăn được 33 bữa như vậy thì mình cũng phải a phải
seg_0033,3nuCdzuyqng,canh thời gian thì thường thường á thì mình sẽ bắt đầu làm việc ờ cái chỗ mình thì tới công ty là đi bộ tầm 10 phút à thì tầm 9 30 thì mình sẽ tới công ty sau đó mình sẽ ăn sáng các kiểu sau đó là mình,phải canh thời gian thì thường thì mình sẽ bắt đầu làm việc ở cái chỗ mình thì tới công ty là đi bộ tầm 10 phút à thì tầm 9 giờ rưỡi thì mình sẽ tới công ty từ đó mình sẽ ăn sáng các kiểu sau đó là mình
seg_0034,3nuCdzuyqng,ờ tầm thường là mọi người tầm 10 00 là mọi người sẽ bắt đầu làm việc ờ tầm 10 30 thì sẽ thường thường sẽ có 1 cái cuộc họp daily weekly standup gì đó ờ xong rồi à bắt đầu làm việc,tầm thường là mọi người tầm 10 giờ là mọi người sẽ bắt đầu làm việc ờ tầm 10 rưỡi thì sẽ thường thường sẽ có 1 cái cuộc họp daily weekly standup gì đó xong rồi bắt đầu làm việc
seg_0035,3nuCdzuyqng,xong rồi tầm tới tầm giữa trưa 12 30 hoặc là 1 giờ đó thì mọi người trong team sẽ rủ nhau đi ăn trưa à các kiểu xong rồi tầm à ừ 1 00 hoặc là 2 00 đó à 1 00,xong rồi tầm tới tầm giữa trưa 12 giờ rưỡi hoặc là 1 giờ đó thì mọi người trong team sẽ rủ nhau đi ăn trưa các kiểu xong rồi tầm à 1 giờ hoặc là 2 giờ đó à 1
seg_0036,3nuCdzuyqng,hoặc 1 30 gì thì mọi người sẽ bắt đầu làm việc lại à ừ tuy vào ờ người sẽ có người sẽ có những meeting thường thường á là level e5 là meeting rất là nhiều mình là level e4 nên mình cũng ít meeting mình chủ yếu là,giờ 1 giờ rưỡi thì mọi người sẽ bắt đầu làm việc lại tùy vào người sẽ có người sẽ có những meeting thường thường á là level e 5 là meeting rất là nhiều mình là level e 4 nên mình cũng ít meeting mình chủ yếu là
seg_0037,3nuCdzuyqng,code nhiều thôi ờ thì làm việc tới tầm thường thường tới tầm 6 giờ thì mình sẽ mọi người sẽ ăn tối và về nhà thì tổng đâu đó là tầm cũng là 8 tiếng trong khoảng 8 tiếng thôi,cold nhiều thôi thì làm việc tới tầm thường thường tới tầm 6 giờ thì mình sẽ mọi người sẽ ăn tối và về nhà thì tổng đâu đó là tầm cũng là 8 tiếng trong khoảng 8 tiếng thôi
seg_0038,3nuCdzuyqng,ừ 9 00 sáng tới tầm 5 6 00 chiều ok nếu mà tính giờ tính tính cái giờ ở office để làm thì tầm 10 00 cho tới 6 00 tối thì là à 8 tiếng,chính là sáng tới tầm 56 giờ chiều nếu tính giờ là tính cái giờ office để làm thì tầm 10 giờ cho tới 6 giờ tối thì là là 8 tiếng
seg_0039,3nuCdzuyqng,ok ờ mình có 1 thắc mắc không liên quan tí đấy là không biết có anh em nào ngủ trưa 00 anh anh bỏ ngủ trưa lâu lắm rồi đúng rồi đa phần anh em làm ở bigtech ở nước ngoài thì họ sẽ không có văn hóa ngủ trưa,mình có 1 thắc mắc không liên quan đến cái đấy là không biết có anh em nào ngủ trưa không
seg_0040,3nuCdzuyqng,à ừ à à không có văn hóa ngủ trưa đúng rồi không có ngủ trưa nhưng mà công ty của mình cũng có những cái phòng gọi là quiet room hoặc là có cái cái tầng trên kia có 1 cái ghế massage,ừ à à không có văn hoá ngủ trưa đúng rồi không có ngủ trưa nhưng mà công ty của mình cũng có những cái phòng gọi là quiet room hoặc là có cái tầng trên kia có 1 cái ghế massage
seg_0041,3nuCdzuyqng,các kiểu thì thì thường thường mình không ngủ trưa nhưng mà nếu mà mình mệt quá ví dụ như là mình có sẽ tiếm cái kiếm cái quiet room mình sẽ nghỉ ngơi tầm 30 phút hay 1 tiếng gì đó rồi mình sẽ đi làm lại,kiểu thì thì thường thường mình không ngủ trưa nhưng mà nếu mà mình mệt quá ví dụ như là mình có thể tìm cái kiếm cái quát room mình sẽ nghỉ ngơi tầm 3 chục phút hay 1 tiếng nữa rồi mình sẽ làm lại
seg_0042,3nuCdzuyqng,xung 1 chút là không những 00 có ngủ trưa mà ví dụ đối với team của mình thì thậm chí là cái giờ trưa cái giờ 1 2 giờ 1 2 giờ chiều lại là cái giờ mà meeting nhiều nhất tại vì giờ đấy là giờ mà overlap ấy giữa giữa giữa 2 cái múi 2 cái mũi giờ chính của,xui 1 chút là không những không ngủ trưa mà cả ví dụ đối với team của mình thậm chí là cái giờ trưa cái giờ 12 giờ chiều lại là cái giờ mà meeting nhiều nhất tại vì giờ đấy là giờ mà overlap giữa 2 cái múi giờ chính của
seg_0043,3nuCdzuyqng,của canada và mỹ ừ là thường là những cái meeting là họ ví dụ ở ở công ty mình là thường họ sẽ đưa hết vào cái cái tầm giờ đấy công ty duy là công ty canada nhưng mà khách hàng ở thị trường mỹ đúng không nhỉ,của của ca đa mỹ thường là những cái meeting tỏ ví dụ ở công ty mình thường là họ sẽ đưa hết vào cái cái tầm giờ đấy công ty duy là công ty ca đa nhưng mà khách hàng ở thị trường mỹ đúng không nhở
seg_0044,3nuCdzuyqng,ờ không thực ra thì cũng không liên quan đến việc là công ty canada mỹ tại vì cả canada mỹ thì đều có nó trải dài qua nhiều múi giờ có múi giờ miền đông và múi giờ miền tây ok,không thực ra thì cũng không liên quan đến việc là công ty canada mỹ tại vì cả canada mỹ thì đều có nó trải dài qua nhiều múi giờ có múi giờ miền đông và múi giờ miền tây
seg_0045,3nuCdzuyqng,ừ ok anh em nãy giờ thì chúng ta đã tìm hiểu rất là nhiều về những cái lợi ích hay những cái điểm hay của công ty big tech thế bây giờ chuyển sang cái phần 2 phần mà mình rất là quan tâm cũng như là có vẻ,ok anh em nãy giờ thì chúng ta đã tìm hiểu rất là nhiều về những cái lợi ích hay những cái điểm hay của công ty big tech thế bây giờ chuyển sang cái phần 2 phần mà mình rất là quan tâm cũng như là có vẻ
seg_0046,3nuCdzuyqng,cũng khá nhiều anh em quan tâm đấy là những cái điểm bất lợi hay những cái điểm mà nó gọi là ừ gọi điểm bất lợi đi cho nó cho nó đỡ tiêu cực tại khi làm việc tại big tech thì ở đây có 1 câu hỏi,cũng khá nhiều anh em quan tâm đấy là những cái điểm bất lợi hay những cái điểm mà nó gọi là ừ gọi điểm bất lợi đi cho nó đỡ tiêu cực tại khi làm việc tại big tay thì ở đây có 1 câu hỏi
seg_0047,3nuCdzuyqng,đấy là có điều gì khiến bạn cảm thấy mất mát hoặc là hy sinh khi mà làm việc tại các công ty big tech không câu này chắc là mình sẽ hỏi cả 4 người nhá thì à duy thấy sao duy thấy có điểm gì làm việc tại big tech thì có điểm gì,đấy là có điều gì khiến bạn cảm thấy mất mát hoặc là hy sinh khi làm việc tại các công ty big tech không câu này chắc là mình sẽ hỏi cả 4 người nhé thì duy thấy sao duy thấy có điểm gì làm việc tại big tech thì có điểm gì
seg_0048,3nuCdzuyqng,mình sẽ cần phải hy sinh hoặc là điểm gì điểm trừ đi hoặc là điểm trừ thì gì không ờ duy chưa mở mic ok điểm trừ thì có 1 cái hình như là lúc nãy anh bồng nói rồi tức là,thì mình sẽ cần phải hy sinh hoặc là điểm gì điểm trừ đi đội bạn có điểm trừ gì không
seg_0049,3nuCdzuyqng,tuy mình làm big tech thì mình gọi là mình được làm hệ thống lớn nhưng mà thường là mình chỉ làm 1 phần rất là nhỏ của của các cái hệ thống lớn đấy thôi đấy thế nên là mình nghĩ cái đấy cũng tùy người đối với mình thì thì đấy điểm trừ tại vì mình muốn mình làm cái gì thì muốn gọi là,tuy mình làm ít tách thì mình gọi là mình được làm hệ thống lớn nhưng thường là mình chỉ làm 1 phần rất nhỏ của các hệ thống lớn ấy thôi đấy thế là mình nghĩ cái đấy cũng tùy người đối với mình thì thì đấy điểm trừ tại vì mình muốn mình làm cái gì thì muốn gọi là
seg_0050,3nuCdzuyqng,là owner của của của những cái mình làm ví dụ làm ờ mình mình bình thường là mình muốn gọi là kiểm soát hoặc là có cái nhìn tổng quan với cả product đấy chứ còn ví dụ ở ở amazon mình làm ngày trước thì thậm chí là 1 tức là amazon,là owner của của của của những cái mình làm ví dụ làm à mình mình thường là mình muốn gọi là kiểm soát hoặc là có cái nhìn tổng quan với cả product đấy chứ còn ví dụ ở ở amazon mình làm ngày trước thì thậm chí là 1 tức là amazon
seg_0051,3nuCdzuyqng,ví dụ aws thì có rất nhiều service đúng không còn lúc đấy cái team của mình thậm chí là còn cái scope của nó còn chưa được là 1 service mà chỉ là 1 phần rất là bé trong service này thôi đấy nên là thứ nhất là mình mình à mình sẽ khó có cái nhìn tổng quan thứ 2 là làm cái gì thì cũng cũng,còn ví dụ aws có rất nhiều service rồi lúc đấy cái team của mình thậm chí là còn còn cái scope của nó còn chưa được là 1 service mà chỉ là 1 phần rất là bé trong service thôi ấy nên là thứ nhất là mình mình à à mình sẽ khó có cái nhìn tường quang thứ 2 là làm cái gì thì cũng cũng
seg_0052,3nuCdzuyqng,cũng cũng sẽ phải communicate và nhiều khi là sẽ bị block bởi bởi bởi những cái team khác nên là mọi thứ move nó sẽ chậm hơn ừ ok thế còn anh quỳnh thì sao,cũng cũng sẽ phải communicate và nhiều khi là sẽ bị block bởi bởi những team khác vậy nên mọi thứ move nó sẽ chậm hơn
seg_0053,3nuCdzuyqng,ờ làm ở big tech anh nghĩ nó cũng là 1 công ty thôi nên nó cũng sẽ có những cái vấn đề của 1 cái công ty nào đấy thì ví dụ như là anh lấy 1 ví dụ như ờ anh em ờ làm cái ngành của chúng ta ấy thì nếu,làm ở big tay anh nghĩ nó cũng là 1 công ty thôi nên nó cũng sẽ có những cái vấn đề của 1 công ty nào đấy thì ví dụ như là anh lấy 1 ví dụ như anh em làm ghi ngành với chúng ta thì nếu
seg_0054,3nuCdzuyqng,sẽ sẽ là hay hơn nếu chúng ta có được cái trải nghiệm của cả làm ở big tech cả các công ty khác cả tất cả mọi thứ thì anh em sẽ có cái góc nhìn toàn cảnh hơn còn nếu mà với người với cá nhân mình và cũng qua 1 số feedback của những bạn bè mình ấy người nào mà mà chỉ làm big tech không ví dụ vừa ra trường,sẽ sẽ là hay hơn nếu chúng ta có được cái trải nghiệm của cả làm ở big tay cả các công ty khác cả tất cả mọi thứ thì anh em sẽ có góc nhìn toàn cảnh hơn còn nếu mà ở với người với cá nhân mình và cũng qua 1 số feedback của những bạn bè mình ý người nào mà chỉ làm big tay vừa ra trường
seg_0055,3nuCdzuyqng,vào google xong làm đâu đó tầm 5 đến 7 5 chẳng hạn thì những người đấy khi ra ngoài ấy họ sẽ rất khó cảm thấy 1 cái thống kê nào đó sẽ thấy họ rất khó thích ứng với cái thị trường bên ngoài thì chia sẻ 1 cái ví dụ bạn mình đã từng từng đang làm lead ở 1 cái startup,vào google xong làm đâu đó tầm 5 đến 75 chẳng hạn thì những người đấy khi ra ngoài ý họ sẽ rất khó cảm thấy có 1 cái thống kê nào đó sẽ thấy họ rất khó thích ứng với thị trường bên ngoài thì chia sẻ 1 cái ví dụ bạn mình đã từng từng đang làm lead ở 1 startup
seg_0056,3nuCdzuyqng,ở bên bên úc đấy chẳng hạn thì bạn ấy phỏng vấn 1 vài cái ờ nhân viên là cựu google từ từ google sang làm cho start của bạn ấy và sau 1 thời gian thì bạn ấy đã gọi như là bạn ấy đã lay off cái những cái nhân viên cựu google đấy,tập ở bên bênbook chẳng hạn thì bạn ấy phỏng vấn 1 vài cái nhân viên là cựu google từ từ google sang làm cho startup của bạn ấy và sau 1 thời gian thì bạn ấy đã gọi như là bạn ấy đã layoff cái những nhân viên cựu google đấy
seg_0057,3nuCdzuyqng,thì mình có hỏi là ơ tại sao lại lay off cái nhân viên ấy thì toàn là cựu google cựu bigtech thôi thì họ là những cái người mà có profile rất là tốt mà nhưng mà họ bảo là khi mà làm google nhiều 5 ấy thì tao rõ ràng tao tao tao trải nghiệm ở ở startup của tao khi thuê những người,thì mình có hỏi là ơ tại sao lại lê hoặc cái nhân viên ấy thì toàn là cựu google cựu big tech thôi thì họ là những người mà có profile rất tốt mà nhưng mà họ bảo là khi mà làm google nhiều 5 ấy thì tao rõ ràng tại đâu tao trải nghiệm ở startup của tao khi thuê những người
seg_0058,3nuCdzuyqng,cựu google mà kiểu vừa ra trường đã vào làm google xong bây giờ về làm cho tao ấy thì tao thấy những cái đứa đấy họ họ đã bị gần như 1 anh dùng 1 cái từ tiếng việt gọi là thể chế hóa rồi tức là làm cái gì họ cũng đều rất muốn là ví dụ đưa design phải đưa design cho tao thật là chuẩn chỉ thì tao mới bắt đầu làm,rồi cứ google 1 kiểu vừa ra trường đã vào làm google xong bây giờ về làm cho tao ấy thì tao thấy những đứa đấy họ họ đã bị gần như anh dùng 1 cái từ tiếng việt gọi là thể chế hóa rồi tức là làm cái gì họ cũng đều rất muốn làm ví dụ đưa design phải đưa design cho tao thật chuẩn chỉ thì tao mới bắt đầu làm
seg_0059,3nuCdzuyqng,tao sẽ không bao giờ làm nếu như mà mọi thứ mọi khâu nó không thật sự chuẩn chuẩn chỉ thì cái đấy ở những startup họ không thể chấp nhận được cái chuyện đấy hay là ở những startup họ mong muốn anh em biết nhiều hơn biết cả deployment biết cả coding biết cả biết cả designing nhưng mà với người mà mà từ những bigtech,tao sẽ không bao giờ làm nếu như mà mọi thứ mọi khâu nó không thật sự chuẩn chỉ thì cái đấy ở những startup họ không thể chấp nhận cái chuyện đấy hay là ở những startup họ mong muốn anh em biết nhiều hơn biết cả deployment biết cả coding biết cả biết cả designing nhưng mà với người mà mà từ những big tay
seg_0060,3nuCdzuyqng,ấy bởi vì anh em chỉ làm 1 cái khâu nhỏ nhỏ ấy thì anh em sẽ không có cơ hội để để làm tất cả những cái khâu to thì như chính như vậy thì anh em mình tặng gọi dùng cái từ là bị thể chế hóa nếu như mà anh em không cẩn thận 00 có 1 cái sự trải nghiệm nó nó nó đầy đủ ấy nếu chỉ có chỉ có thể,bởi vì anh em chỉ là 1 khâu nho nhỏ ấy thì anh em sẽ không có cơ hội để để làm tất cả những khâu to thì nếu như vậy thì anh em mình tạm gọi dùng cái từ là bị thể chế hóa nếu như mà anh em không cẩn thận 00 có 1 sự trải nghiệm nó nó nó đầy đủ ấy nếu chỉ có chỉ có thể
seg_0061,3nuCdzuyqng,làm ở google không thôi à làm ở bigtech không thôi mà chúng ta cứ an phận để thời gian trôi đi ý thì dễ dàng anh em sẽ sẽ có 1 cái rơi vào cái tình huống là bị bị như cái cái người bạn của mình đã đã làm thì đấy là cái trải nghiệm của mình,làm ở google không thôi à làm ở big tay không thôi mà chúng ta lại cứ an phận để thời gian trôi đi thì dễ dàng anh em sẽ sẽ sẽ có 1 cái rơi vào tình trường hướng là bị bị bị như cái cái người bạn của mình đã đã đã thì đấy là cái trải nghiệm của mình
seg_0062,3nuCdzuyqng,câu trả lời quá là hay rất là nhiều insight đúng là anh em làm ở môi trường nào thì sẽ cần phải thích nghi với cái môi trường đấy nếu mà ở startup mà anh em đòi mà doc các thứ chuẩn chỉ quá thì nó cũng hơi khó,câu trả lời quá hay rất là nhiều insight đúng là anh em làm ở môi trường nào thì sẽ cần phải thích nghi với môi trường đấy nếu mà ở startup mà anh em đòi mà nốc các thứ chuẩn chỉ quá thì nó hơi khó
seg_0063,3nuCdzuyqng,khó à ok rất là nhiều thông tin hữu ích cho anh em thế không biết là hiệp thì sao nhỉ hiệp có thấy là mình phải đánh đổi gì khi mà vào những công ty như là meta à,à ok rất nhiều thông tin hữu ích cho anh em thế không biết là hiệp thì sao nhở hiệp có thấy mình phải đánh đổi gì khi mà vào những công ty như là meta
seg_0064,3nuCdzuyqng,à không biết các công ty khác như thế nào nhưng mà công ty của mình thì à dạo gần công ty của mình thì cái môi trường công ty của mình là à nói chung là phải tạo ra impact nói chung là phải à à cứ mỗi half á là mình phải,không biết các công ty khác như thế nào nhưng mà công ty của mình thì dạo gần công ty của mình thì cái môi trường công ty của mình là nói chung là phải tạo ra impact nói chung là phải à à cứ mỗi hát là mình phải
seg_0065,3nuCdzuyqng,viết cái cái cái performance reviews đó là mọi lúc mà mọi người đau đầu nhất là mọi người phải phải chứng minh được là mình đã trong 61 tháng khác qua mình đã làm được những cái gì rồi rồi nếu mà 00 có đạt ờ,viết cái cái cái performance review đó đó là lúc mà mọi người đau đầu nhất là mọi người phải phải phải chứng minh được là mình đã trong 6 ở 1 khác qua mình đã làm được những gì rồi nếu mà 000 có đạt
seg_0066,3nuCdzuyqng,được cho cái level đó thì mọi người rất là lo lắng ờ sẽ dễ bị lay off mình thì ic4 thì mình sẽ còn đỡ mình nhưng mà ví dụ như ic5 ic6 á ờ thì cái,được cho cái level đó thì mỗi người rất là lãng sẽ dễ bị layoff mình thì ic4 thì mình sẽ còn đỡ nhưng mà ví dụ như ic5 ic6 á thì cái
seg_0067,3nuCdzuyqng,level ví dụ như là mình ic4 thì mình làm ở cái cái cái level là feature thôi deliver những cái feature thôi nhưng mà ở ic5 ic6 á thì họ sẽ là làm ở level là lead 1 cái project luôn ic6 thì sẽ yêu cầu,cái level ví dụ như là mình ic4 thì mình làm ở ở cái cái cái level là feature thôi deliver những feature thôi nhưng mà ở ic5 ic6 thì họ sẽ là làm ở level là leak 1 cái project luôn à ic6 thì sẽ yêu cầu
seg_0068,3nuCdzuyqng,rất là nhiều lead project mà rất là nhiều project luôn ờ thì mình thấy ở đây á là 1 số ic6 á mà họ họ họ sẽ dành giật scope với nhau ví dụ như là à ừ ví dụ như họ trong các team đúng không họ sẽ dành là à,có rất là nhiều league project mà rất là nhiều project luôn thì mình thấy ở đây là 1 số nc6 mà họ họ sẽ dành giật scope với nhau ví dụ như là à ví dụ như trong các team đó họ sẽ dành là à
seg_0069,3nuCdzuyqng,tao sẽ làm cái này rồi họ sẽ suy nghĩ ra những cái cái scope để để họ làm những cái đó rồi ờ nhiều lúc á là nếu mà họ không cái team đó mà hết scope rồi họ phải đi chuyển team khác để để,tạo sẽ làm cái này rồi họ sẽ suy nghĩ ra những cái cái cái scope để để họ làm những cái đó rồi à nhiều lúc á là nếu mà họ không cái team đó mà hết scope rồi họ phải đi chuyển team khác để để
seg_0070,3nuCdzuyqng,để nói chung là phải phải đi tìm team tìm project tìm task tìm ờ để để mình mình mình chứng minh được năng lực của mình nói chung là cũng khá là áp lực nghe khá là khốc liệt đấy hiệp ạ,để nói chung là phải đi tìm team tìm project tìm task tìm à để để mình mình mình chứng minh được năng lực của mình nói chung là cũng khá là áp lực
seg_0071,3nuCdzuyqng,ừ khốc liệt ok cảm ơn chia sẻ của hiệp à không biết anh bồng thì sao nhỉ anh có nhận thấy 1 cái điểm trừ gì đấy khi làm việc tại các big tech không ừ anh anh thấy đồng ý với mọi người cái,thuộc lệ ok à cảm ơn chia sẻ của hiệp à không biết anh bồng thì sao nhở anh có nhận thấy 1 cái điểm trừ gì đấy khi làm việc tại các bên tích không ừ anh thấy đồng ý với mọi người cái
seg_0072,3nuCdzuyqng,cái đầu tiên đó là cái việc mà mình làm cho 1 hệ thống lớn nhưng mà làm trong 1 cái vị trí làm cho 1 feature rất là nhỏ ấy thì cái khả năng ờ cái học hỏi của mình cũng cũng ít đi mình không được thực hành từ a đến z nghĩa là từng các bước của software,cái đầu tiên đó là cái việc mà mình mình làm cho 1 hệ thống lớn nhưng mà làm trong 1 cái vị trí làm cho 1 feature rất là nhỏ ấy thì cái khả năng à cái học hỏi của mình cũng cũng ít đi vì không được thực hành từ a đến z nghĩa từng các bước của software
seg_0073,3nuCdzuyqng,development đấy thì đấy cũng là 1 thiếu sót dành cho những người nào mà là kiểu junior còn nếu mà bạn vào 1 bigtech mà kiểu vị trí cao rồi kiểu senior trở lên ấy thì cái scope lúc đấy nó đủ to rồi nên cũng không sợ lắm à cái cái thứ 2 như duy nói,unk development ấy thì đấy cũng là 1 thiếu sót dành cho những người nào mà là kiểu junior còn nếu mà bạn vào 1 big tay mà kiểu vị trí cao rồi kiểu senior trở lên ý thì cái scope lúc ấy nó đã đủ to rồi nên cũng không sợ lắm à cái cái thứ 2 như duy nói
seg_0074,3nuCdzuyqng,kiểu cái cái ra quyết định rất là chậm bởi vì thường là các công ty to ấy sẽ có rất nhiều team mà mỗi khi làm cái gì đấy thì bạn phải kiểu ờ kiểu phải nói chuyện với những cái người đấy và đảm bảo rằng là họ cùng đồng ý với cái ý kiến của mình thì đấy mới bắt đầu được làm,khiểu cái khởi ra quyết định rất là chậm bởi vì thường là các công ty to ấy sẽ có rất nhiều team mà mỗi khi làm cái gì đấy thì bạn phải kiểu kiểu phải nói chuyện với những người đấy và đảm bảo rằng là họ cũng đồng ý với cái ý kiến của mình thì hôm đấy mới bắt đầu được làm
seg_0075,3nuCdzuyqng,đấy còn nếu mà làm trước là mà có vấn đề gì thì nó cũng rất là phức tạp và cái cái đồng ý với hiệp luôn là những cái công ty to lên càng cao thì kiểu cạnh tranh rất là nhiều à và,đấy còn nếu mà làm trước là mà có vấn đề gì thì nó cũng rất là phức tạp và cái cái đồng ý với hiệp luôn là những cái công ty to lên càng cao thì kiểu cạnh tranh rất là nhiều à và
seg_0076,3nuCdzuyqng,nhất là kiểu từ staff level trở lên là không còn phải lấy scope nữa mà lúc đấy là phải tạo ra scope để mình để để thể hiện à senior thì vẫn còn đơn giản senior thì bạn sẽ được nhận scope từ từ staff hoặc principal nhưng mà đã lên level 6 thì lúc đấy là phải vẽ ra scope để,nhất là kiểu từ staff level trở lên là không còn phải lấy scope nữa mà lúc đấy là phải tạo ra scope để mình để để thể hiện senior thì vẫn còn đơn giản senior thì bạn sẽ được nhận scope từ từ staff hoặc principal nhưng mà đã lên level 6 thì lúc đấy là phải vẽ ra scope để
seg_0077,3nuCdzuyqng,để cho mình và cho người khác nữa cho nên là cũng nó tạo ra 1 cái môi trường rất là kiểu khốc liệt ý ờ 00 vừa làm vừa chơi như các cái công ty nhỏ hơn ừ thì đấy thì đấy là 1 cái kiểu,để cho mình và cho người khác nữa cho nên là cũng nó tạo ra cái môi trường rất là kiểu khốc liệt ý không vừa làm vừa chơi nhưng lại các công ty nhỏ hơn thì à đấy thì thì đấy là 1 cái kiểu
seg_0078,3nuCdzuyqng,vì nhiều người mình biết là họ vào họ đến level đấy mà họ cảm thấy kiểu vất vả quá mà họ chuyển sang cái công ty nhỏ hơn làm vị trí à tương tự đấy để giảm stress ờ anh bồng ơi thế thì em lại có 1 câu hỏi,vì nhiều người mình biết là họ vào họ đến level đấy mà họ cảm thấy kiểu vất vả quá mà họ chuyển sang cái công ty nhỏ hơn làm vị trí tương tự ấy để giảm stress
seg_0079,3nuCdzuyqng,là ok nếu mà lên staff level mà nó phải nghĩ ra nhiều thứ như thế trong trường hợp mà mình không thích nghĩ mình cứ ở senior đi được không nhỉ được ạ bạn bạn có thể bạn có thể kiểu làm mãi ở senior cũng được không cần phải lên staff,là ok nếu mà lên staff level mà nó phải nghĩ ra nhiều thứ như thế trong trường hợp mà mình không thích nghĩ mình cứ ở senior thì được không nhỉ ừ được ạ bạn bạn có thể bạn có thể kiểu làm mãi ở senior cũng được không cần phải lên staff
seg_0080,3nuCdzuyqng,thường là các công ty nó sẽ cho như thế hình như senior phần lớn là terminal rồi là kiểu cái cái vị trí cuối cùng rồi nó không cần phải lên nữa cái này thì nhưng mà 1 khi đã anh nói tiếp đi anh như anh biết là công ty anh là 11 khi đã lên staff thì lúc đấy người ta sẽ push,thường là các công ty nó sẽ cho như thế này hình như senior phần lớn là terminal rồi là kiểu cái vị trí cuối cùng rồi không cần phải lên nữa nhưng mà 1 khi đã chào anh nhỏ kia ạ anh nói là như anh biết ở công ty anh là 1 lịch 1 khi đã lên staff thì lúc đấy người ta sẽ push
seg_0081,3nuCdzuyqng,bạn lên lên chức cao hơn cái cái này thì em đồng ý với anh thì em bổ sung 1 cái như này thực ra là cũng đến từ những cái câu chuyện chém gió của em từ với cả anh em bạn bè làm việc thôi thì thực ra đúng như anh bồng nói tức là trong 1 công ty,bạn lên lên chức cao hơn cái cái này thì em đồng ý cái này thì em bổ sung 1 cái như này thực ra là cũng cũng đến từ những cái câu chuyện chém gió của em từ với cả anh em bạn bè làm việc thôi thì thực ra đúng như anh bồng nói tức là trong 1 công ty thì
seg_0082,3nuCdzuyqng,thì thường là ờ công ty sẽ luôn luôn expect 1 nhân viên là luôn luôn phải đi đi lên đấy ngay cả ngay kể cả khi mà bạn mà muốn ở lại vị trí senior mà bạn không muốn lên staff thì bạn thực ra cũng được nhưng mà bạn theo theo theo theo mình được được khuyên là,thì thường là ờ công ty sẽ luôn luôn expect 1 nhân viên là luôn luôn phải đi đi lên đấy ngay cả ngay kể cả khi mà bạn mà muốn ở lại vị trí xin vào bạn mà bạn không muốn lên staff thì bạn thực ra cũng được nhưng mà bạn theo theo theo theo mình được được được khuyên
seg_0083,3nuCdzuyqng,nếu trong trường trong trường hợp đấy thì bạn cũng đừng nên gọi là làm lộ liễu quá tức là khi mà ờ giao tiếp với cả manager hay là khi mà làm performance review self review thì vẫn phải vẫn phải làm sao để thể hiện là mình đang mình đang cố để lên được cái level cao hơn cố mở rộng scope đang cố tìm ra,nếu trong trường hợp gì đấy thì bạn cũng đừng nên gọi là làm lỗ liệu quạt tức là khi mà giao tiếp với cả manager hay là khi mà làm performance review sales review thì vẫn phải vẫn phải làm sao để thể hiện là mình đang mình đang cố để lên được cái level cao hơn cố mở rộng scope đang cố tìm ra
seg_0084,3nuCdzuyqng,được những cái problem problem problem space mới để làm nhưng mà đấy còn còn tức là cứ phải thể hiện ra là mình cố cái đã còn có cố thật hay không hay là có có muốn push thật hay không thì cái đấy là nếu bạn muốn ở level senior,được những cái problem space mới để làm nhưng mà đấy còn còn tức là cứ phải thể hiện ra là mình cố cái đã còn có cố thật hay không hay là có có có muốn push thật hay không thì cái đấy là nếu bạn muốn ở level center
seg_0085,3nuCdzuyqng,hoặc ở level thấp hơn thì cái đấy là tùy bạn thôi mà đừng đừng có làm cái việc là mình muốn ở cái terminal level đấy ở lại cái terminal level đấy 1 cách lộ liễu quá đấy ok khá là hay anh em nào,hoặc ở level thấp hơn thì cái đó tùy bạn thôi và đừng có làm cái việc mình muốn ở lại cái terminal level đấy 1 cách lộ liễu cơ ạ ok khá là hay ờ anh em nào
seg_0086,3nuCdzuyqng,nào đang làm bigtech mà không muốn lên nữa thì có thể tham khảo ờ mình mình bổ sung ạ ờ à không biết cái công ty các bạn à công ty các bạn như thế nào nhưng mà công ty công ty của mình á thì,hoặc là đang làm project mà không muốn lên nữa thì có thể tham khảo không ờ mình bổ sung ạ à à không biết cái công ty các bạn công ty các bạn như nào nhưng mà công ty công ty của mình á thì
seg_0087,3nuCdzuyqng,dạng như mình không có thể hiện mình mình cố làm như vậy được đâu tại vì ờ mỗi người đúng không sẽ sẽ ghi ra review của mình các kiểu xong rồi sếp của mình sẽ là người mà đem cái review của mình đó xong rồi sẽ có 1 cái,giống như mình không có thể hiện mình mình cố làm như vậy được đâu tại vì mỗi người đúng không sẽ sẽ ghi ra review của mình các kiểu xong rồi sếp của mình sẽ là người mà đem cái cái review của mình đó xong rồi sẽ có 1 cái
seg_0088,3nuCdzuyqng,gọi là cái hội động đi hội động những cái sếp của những cái team khác khác nhau họ sẽ xem xét là à cái thằng này nó làm vậy vậy xong được rating là vậy xong rồi sếp của những team khác cũng cũng họ cũng nói cũng có những cái performance review của nhân viên của họ đúng không,unk anh gọi là cái hội đồng này hội đồng những cái sếp của những team khác khác nhau họ sẽ sam sánh là à cái thằng này làm vậy vậy xong là được rating là vậy xong rồi sếp của những team khác cũng cũng cũng họ cũng lái ờ cờ cũng có những cái performance review của nhân viên của họ đúng không
seg_0089,3nuCdzuyqng,thì ờ cái thằng này làm vậy vậy lại được rating vậy thì các sếp á sẽ compare với nhau á thì sẽ hỏi là à sao thằng này làm làm ít là được cái rating cao hơn thằng kia kiểu thì so sánh các kiểu như vậy ờ có cái phần so sánh như vậy thì nó khá là cạnh tranh và nó cũng khá là,thì à thằng này làm vậy là lại được rating dày thì ít nhất á sẽ compare với nhau á thì sẽ coi là à sao thằng này làm ít lại được rating cao hơn thằng kia kiểu thì so sánh cái kiểu như vậy có cái phần so sánh như vậy thì nó khá là cạnh tranh và nó cũng khá là
seg_0090,3nuCdzuyqng,công bằng chứ chứ chứ không phải là mình mình thể hiện là mình cố làm vậy là là được cũng công ty tùy công ty không ở đây thì mình đang nói trường hợp là ví dụ tức là mình cố để để để lên tức là mình mình thể hiện là mình cố để lên nhưng mà nhiều khi là,công bằng chứ chứ chứ không phải là mình mình thể hiện là mình cố làm vậy là được cùng công ty công ty ơ không ở đây thì mình đang nói trường hợp là ví dụ à tức là mình cố để để để lên tức là mình mình thể hiện là mình cố để lên nhưng mà nhiều khi là
seg_0091,3nuCdzuyqng,ờ cơ hội nó không có problem nó không có đấy thì thì ý mình là như thế chứ không phải là mình mình đang nói theo kiểu là chém gió tức là không làm nhưng mà cứ cứ cứ cứ chém thì mình làm cái đấy 00 phải ừ ừ ok khá là hay anh em,cơ hội nó không có problem nó không có ấy thì ý mình là như thế chứ không phải là mình đang nói theo kiểu là chém gió tức là không làm nhưng cứ cứ cứ chém thì mình làm cái đấy không phải ok khá là hay nhé
seg_0092,3nuCdzuyqng,ờ nhân cái câu chuyện này ấy thì mình có chủ đề có vẻ là khá nhiều người tò mò đây là chủ đề politic chính trị nội bộ trong các công ty big tech ấy thì,ờ nhưng cái câu chuyện này thì mình có chủ đề có vẻ khá nhiều người tò mò dạ đấy là chủ đề politics chính trị nội bộ trong các công ty big tach ấy
seg_0093,3nuCdzuyqng,thì thứ nhất là không biết là nó có hay không và thứ 20 biết mọi người có chia sẻ cái trải nghiệm cái kinh nghiệm hay câu chuyện gì đấy liên quan tới politic trong các công ty big tech được 00 biết anh quỳnh có,điểm thứ nhất là không biết là nó có hay không và thứ 2 là không biết mọi người có chia sẻ cái trải nghiệm kinh nghiệm hay câu chuyện gì đấy liên quan tới politics trong công ty big tay được không
seg_0094,3nuCdzuyqng,chia sẻ gì không à nếu mà nói về politic thì cái cái cái trải nghiệm tệ nhất của anh đó là thời gian anh làm tiktok đó thì anh em đều biết tiktok là 1 công ty chinese base company là 1 công ty ok ờ,con chia sẻ gì ạ ờ nếu mà nói về politics thì cái cái cái trải nghiệm tệ nhất của anh đó là thời gian anh làm tiktok đó thì anh em đều biết tiktok là 1 công ty chinese based company là 1 công ty ok
seg_0095,3nuCdzuyqng,nói thẳng luôn đó là nếu mà không nói được tiếng trung ấy thì khả năng được thăng tiến ở công ty này rất là rất là khó không giao tiếp được với các sếp ờ ờ bằng tiếng trung thì rất là khó cái thứ 2 là cái vấn đề politic là cái đấy anh nghĩ là có nếu rõ ràng anh cảm thấy rõ ràng,nói thẳng luôn đó là nếu mà không nói được tiếng trung ý thì cái khả năng được thăng tiến ở công ty này rất là rất là khó không giao tiếp được với các sếp ở ở bằng tiếng trung thì rất là khó cái 2 cái vấn đề politics là cái đấy anh nghĩ là có nếu mà rõ ràng anh cảm thấy rõ ràng
seg_0096,3nuCdzuyqng,ở tiktok luôn tức là nếu mà không được ờ gọi là không được sếp quý ấy thì cái việc mà chúng ta có được 1 cuộc sống dễ dàng hay là có 1 có 1 cái cái cái sự thăng tiến ấy nó rất là khó ờ sếp được sếp quý làm gì ok tất nhiên,đó ở tít tôi luôn tức là nếu mà không được ờ gọi là không được xếp quý thì thì cái việc mà mà chúng ta có được 1 cuộc sống dễ dàng hay là có 1 có 1 cái cái cái sự thăng tiến ấy nó rất là khó ờ xếp được xếp quý làm gì ok tất nhiên
seg_0097,3nuCdzuyqng,chắc phải làm chăm chỉ là làm việc này xong rồi cũng đâu đó cũng phải có hay nói chuyện với sếp cũng để để tạo ra cái cái cảm với sếp này xong rồi anh cũng thấy có những vấn đề politic ở tiktok giống như là họ chia ra các cái group là chỉ có người người người trung hoa,chắc phải làm chăm chỉ làm việc này xong rồi cũng đâu đó cũng cũng phải có hay nói chuyện với sếp cũng để để tạo ra cái cái cảm hứng với sếp này xong rồi anh cũng thấy có những những vấn đề political ở tictoc giống như là họ chia ra các group là chỉ có người người người trung hoa
seg_0098,3nuCdzuyqng,người nói tiếng trung họ họ họ thành 1 group nói chuyện với nhau rồi còn người mà gọi gọi là non chinese speaker người không nói tiếng trung thì họ sẽ sang 1 cái group ví dụ như thế thì đấy là cái 1 cái cái cái tương đối là rõ ràng mà anh đã trải nghiệm ở tiktok thì cái thứ đấy thì mình cũng nhìn qua mình mình thấy vậy thôi mình cũng,người nói tiếng trung họ thành 1 group nói chuyện với nhau rồi còn người mà gọi là non chinese speaker người không nói tiếng trung thì họ sẽ sang 1 group ví dụ như thế thì đấy là cái mục cái cái tương đối là rõ ràng mà anh đã trải nghiệm ở tik tok thì cái thứ đấy thì mình cũng nhìn qua mình mình thấy vậy thôi mình cũng
seg_0099,3nuCdzuyqng,ờ biết là nó nó tồn tại thôi nhưng mà nếu mà rõ ràng thì đấy là cái thứ mà anh đã thấy ở tiktok còn ở những công ty như là google hay là amazon ấy thì thì đa phần cái cái cái sự ờ phân biệt về về về chủng tộc ấy thì nó không,biết là nó tồn tại thôi nhưng mà nếu mà rõ ràng thì đấy là cái thứ mà anh đã thấy ở tik tok còn ở những công ty như là google hay amazon ấy thì thì đa phần cái cái cái sự phân biệt về về về về chủng tộc vậy thì nó không
seg_0100,3nuCdzuyqng,nó nó không rõ ràng như như ở tiktok thì các công ty đa phần họ sẽ tuyển đủ những thành phần người ơ âu có người á có người gốc phi cũng có cho nên là họ sẽ không có nó không rõ ràng như tiktok thì đấy là cái cái cái trải nghiệm anh anh anh thấy ở công ty cũ của anh,nó không rõ ràng như như là tictok thì các công ty đa phần họ rẽ tuyển đủ những thành phần người âu có người á có người gốc phi cũng có cho nên là họ sẽ không có nó không rõ ràng như tictok thì đấy là cái cái cái trải nghiệm anh anh anh thấy ở cạnh công ty cũ của anh
seg_0101,3nuCdzuyqng,ok không biết là anh em nào có những trải nghiệm liên quan tới politic muốn bổ sung không anh anh không có trải nghiệm nhưng mà,ok không biết là anh em nào có những trải nghiệm liên quan tới politics muốn bổ sung không
seg_0102,3nuCdzuyqng,nếu mà kiểu mình nghĩ là politics theo kiểu là kiểu tạo ảnh hưởng cá nhân đến những cái người xung quanh của mình ấy hoặc là hoặc là những cái mà không phải kiểu bạn cảm thấy không công bằng ấy hoặc là có những cái thỏa thuận ngầm ấy thì anh nghĩ là công ty to mà nó có nhiều team ấy có nhiều người,nếu mà kiểu mình nghĩ là politics là kiểu là kiểu tạo ảnh hưởng cá nhân đến những người xung quanh của mình ý hoặc là hoặc là những cái mà không phải kiểu bạn cảm thấy 00 công bằng ý hoặc là có những cái giả thuận ngầm ý thì em nghĩ là công ty to mà nó có nhiều team ấy có nhiều người
seg_0103,3nuCdzuyqng,ấy mà họ có những kiểu ờ mỗi người mỗi team là họ sẽ có những kiểu ưu tiên khác nhau thì bao giờ xảy ra những bao giờ cũng sẽ xảy ra những cái chuyện mà họ sẽ ờ họ sẽ để những ảnh hưởng cá nhân nó can thiệp vào công việc và đó là chuyện quá bình thường luôn,vậy mà họ có những kiểu mỗi người mỗi team là họ sẽ có những kiểu ưu tiên khác nhau thì thì bao giờ xảy ra bao giờ cũng sẽ xảy ra những cái chuyện mà họ sẽ họ sẽ để những ảnh hưởng cá nhân nó can thiệp vào công việc và đó là chuyện quá bình thường luôn
seg_0104,3nuCdzuyqng,cho nên là cho nên là anh khuyên là kiểu mà mà cái việc mà như bản thân mình ấy mình đi làm ấy mình cũng nên tạo tầm ảnh hưởng đến những người xung quanh mình thì khi mình làm việc với họ mình cũng thể dễ dàng hơn thay vì bảo bây giờ mình đi làm mình kiểu ờ công ty không politic,thế nên là thế nên là anh khuyên là kiểu mà mà cái việc mà như bản thân mình ý mình đi làm ấy mình cũng nên tạo tầm ảnh hưởng đến những người xung quanh mình thì khi mình làm việc với họ mình cũng thì dễ dàng hơn thay vì kiểu bây giờ mình đi làm mình kiểu ờ công ty không political
seg_0105,3nuCdzuyqng,công ty open cho nên là mình coi như là không nói chuyện với những người khác kiểu mày cứ coi tao như 1 đồng nghiệp kiểu vô hồn đi đấy thì thì như thế nó cũng làm cho công việc trở nên khó khăn hơn đấy chứ không còn nếu mà kiểu như như quỳnh nói thì anh cảm thấy nó là giống như kiểu đến kiểu,tích công ty open cho nên là mình coi như là không nói chuyện với những người khác kiểu mày cứ coi tao như 1 đồng nghiệp kiểu vô hồn đi đấy thì thì như thế nó cũng làm cho công việc trở nên khó khăn hơn ấy chứ không còn nếu mà kiểu như quỳnh nói thì anh cảm thấy nó là giống như kiểu đến kiểu
seg_0106,3nuCdzuyqng,phân biệt ờ chủng tộc với quốc tịch với ngôn ngữ rồi nó không nó còn mạnh hơn cả politics nhưng mà thường thường các công ty thì họ sẽ nhận ra những cái vấn đề này ấy và họ thường có những cái value của những công ty,phân biệt chủng tộc với quốc tịch với ngôn ngữ rồi nó không nó nó còn mạnh hơn cả politics nhưng mà thường thường các công ty thì họ sẽ nhận ra những cái vấn đề này và họ thường có những cái value của những công ty
seg_0107,3nuCdzuyqng,vào để họ cân bằng nó giống như kiểu như atlassian ấy thì nó sẽ có 1 cái core value như kiểu là open company no bullshit chẳng hạn thì nó nó yêu cầu công ty là yêu cầu là document các thứ là phải public hết này hoặc là những cái nhóm chat là phải public này chỉ tạo private khi nào mà,vào để họ cân bằng nó giống như kiểu như alaska thì nó sẽ có 1 cái core value kiểu là open company no bullshit chẳng hạn thì nó yêu cầu công ty yêu cầu document các thứ là phải public hết này hoặc là những nhóm chat là phải public này chỉ tạo private khi nào mà
seg_0108,3nuCdzuyqng,thực sự nghĩ là cần private thôi cho nên công ty anh ấy tất cả những cái team chat là slack chat là họ bao giờ cũng để public hết cho nên nếu mà bạn muốn bạn có thể lúc nào có thể vào thẳng xem team khác nó chuyện kiểu gì à hoặc là hoàn toàn có thể ừ khá là hay,thực sự nghĩ là cần private thôi cho nên cái công ty anh ấy tất cả những team chat là slide chat là họ bao giờ cũng để public hết cho nên nếu bạn muốn bạn có thể lúc nào cũng phải vào thẳng xem team khác nó nói chuyện kiểu gì họ là hoàn toàn có thể
seg_0109,3nuCdzuyqng,public hết tất cả các cái nhóm chat để cho mọi người nếu muốn thì có thể theo dõi ví dụ như là tiến độ của các feature khác đúng không ừ nhưng mà vẫn có những cái nhóm private chẳng chẳng hạn ok ạ ờ khá là hay ok,tắt lịch hết tất cả các cái nhóm chat để cho mọi người nếu muốn có thể theo dõi ví dụ như tiện độ của các feature khác nữa
seg_0110,3nuCdzuyqng,ok ở đây có 1 câu hỏi rất là hay và nó cũng liên quan tới phần này luôn thế nên em sẽ ưu tiên lên trước là câu hỏi của bạn nguyên trương nhá đấy là các công ty bigtech đều có những cái internal platform và tool hoặc là internal framework của riêng công ty,à ok ở đây có 1 câu hỏi rất là hay và nó cũng liên quan tới phần này luôn thế nên em sẽ ưu tiên lên trước để câu hỏi bạn nguyên trương nhé đấy là các công ty big tech đều có những cái internal platform và tool hoặc là internal framework của riêng công ty
seg_0111,3nuCdzuyqng,khi làm ở big tech và sau đó qua công ty mới thì các anh sẽ làm thế nào để làm quen với các cái tech stack bên công ty mới và nếu không làm engineer cho big tech thì các anh sẽ target vào các công ty nào câu hỏi khá hay thì đây có 2 câu hỏi là,khi làm ở big tech và sau đó qua công ty mới thì các anh sẽ làm thế nào để làm quen với các cái tech stack bên công ty mới và nếu không làm engineer cho big tech thì các anh sẽ target vào các công ty nào câu hỏi khá hay đây có 2 câu hỏi
seg_0112,3nuCdzuyqng,những cái phần mềm nội bộ hoặc những cái nền tảng nội bộ của công ty và câu hỏi thứ 2 là nếu không làm việc tại bigtech thì các anh sẽ target tại công ty nào thì à hiệp thì sao câu này sẽ mình sẽ hỏi hiệp trước đi ờ do mình làm,những cái phần mềm nội bộ hoặc cái nền tảng nội bộ công ty và câu hỏi thứ 2 là nếu không làm việc tại big tax thì anh sẽ tang trách tại công ty nào thì hiệp thì sao câu này mình sẽ hỏi hiệp trước đi
seg_0113,3nuCdzuyqng,cái mình làm về chuyên về android á thì công ty mình cũng xài nhiều cái framework từ google các kiểu từ official từ google ờ đôi,cái mình làm về chuyên về android á thì công ty mình cũng xài nhiều cái framework từ google cái kiểu official từ google đôi nhiên
seg_0000,7B24A9GfHAo,à vừa nãy mình hỏi về 5 kinh nghiệm là mấy 5 kinh nghiệm thì sẽ bị hỏi về system design này thì bạn có câu hỏi là số 5 kinh nghiệm cộng 3 mà dự án làm nhiều thì họ có đánh giá làm sao là sao bạn có muốn làm rõ lại câu hỏi này,à vừa nãy mình hỏi về 5 kinh nghiệm là mấy 5 kinh nghiệm thì sẽ bị hỏi về system design này thì bạn có câu hỏi là số 5 kinh nghiệm cộng 3 mà dự án làm nhiều thì họ có đánh giá làm sao hay không nói sao bạn có muốn làm rõ lại câu hỏi này
seg_0001,7B24A9GfHAo,mình lướt qua câu tiếp theo nhá nếu bạn làm rõ thì bạn cứ chat lên nhé có 1 bạn à có lộc lâm hỏi là mình làm outsource thường khâu thiết kế thì không được involve vậy thì làm cách nào để deal những interview hỏi quá là practical thì như vừa nãy là anh quỳnh cũng có chia sẻ,mình lướt qua câu tiếp theo nhé nếu bạn làm rõ thì bạn cứ chat lên nhé có bạn à có lộc lâm hỏi là mình làm outsource thường khâu thiết kế thì không được involve vậy thì làm cách nào để build những interview hỏi quá là practical thì như vừa nãy là anh quỳnh cũng có chia sẻ
seg_0002,7B24A9GfHAo,đúng không nếu mà mình không có cơ hội tiếp cận thì mình buộc là mình phải tìm những cái nguồn khác để mình học chứ còn câu chuyện mà interviewer hỏi quá practical thì thì anh em có chia sẻ gì không,đúng không nếu mình không có cơ hội tiếp cận thì mình buộc là mình phải tìm những nguồn khác để mình học chứ còn câu chuyện mà interviewer hỏi quá practical thì anh em có chia sẻ gì không
seg_0003,7B24A9GfHAo,anh quỳnh thấy sao câu câu này anh quỳnh có thể giải đáp nốt không ờ interviewer thường hỏi câu quá practical theo theo ý mình hiểu ở đây có nghĩa là interviewer họ họ họ muốn bạn khi bạn thiết kế thế ra cái hệ thống bạn phải chỉ tên ra là cái công,anh quỳnh thấy sao vâng cái câu này anh quỳnh có thể giải đáp nốt không ạ ờ interviewer thường hỏi câu quá practical theo ý mình hiểu ở đây có nghĩa là interviewer họ họ họ muốn bạn ờ khi bạn ờ thiết kế ra các tổng thống bạn phải chỉ tên ra là cái công
seg_0004,7B24A9GfHAo,nghệ bạn dùng thực sự là cái gì ờ catching thì là redis hay là cái gì database thì là mysql hay là cái gì thì đấy là đấy thực ra đấy cũng là 1 cái thứ expected trong 1 cái thứ gọi là cũng cũng cũng không phải là quá đáng trong 1 buổi system design review thì cái,dụng lệ bạn dùng thực sự là cái gì caching thì là reddit hay là cái gì database thì là mysql hay là cái gì thì đấy là đấy thực ra đấy cũng là 1 cái thứ expected trong 1 cái thứ gọi là cũng cũng cũng không phải là quá đáng trong 1 bộ sư tường design review thì thế chung
seg_0005,7B24A9GfHAo,chuyện đấy cái cái chuyện đấy khi mà bạn bạn nếu khi bạn đi phòng vấn thật thì bạn cũng nên nên mong muốn là họ họ họ họ bắt bạn họ hoặc họ interviewer về họ sẽ hỏi bạn là ok bạn ờ bạn dùng mysql đúng không mysql thì tại sao bạn lại dùng nó có điểm,chuyện đấy cái chuyện đấy mà bạn bạn nếu khi bạn đi tựa phỏng vấn thật thì bạn cũng nên nên mong muốn là họ họ họ họ bắt bạn họ họ họ interview sẽ hỏi bạn là ok ờ bạn ờ ờ bạn dùng mysql đúng không mysql thì tại sao bạn lại dùng nó có điểm
seg_0006,7B24A9GfHAo,hay điểm dở gì tại sao bạn lại dùng mysql thì đấy là những câu hỏi tương đối practical và nó nó nó thường nó cũng sẽ thường bị hỏi trong trong interview thì bạn cái chuyện đấy là cái chuyện rất bình thường thôi còn nếu mà bạn làm outsource ấy thì mình tin là giả sử bạn làm backend chẳng hạn nhá thì dù có làm,hay điểm giả gì tại sao bạn lại dùng bicycle thì đấy là những câu hỏi tương đối practical và nó nó nó thường nó cũng sẽ thường bị hỏi trong trong những interview thì bạn cái chuyện đấy là chuyện rất bình thường thôi còn nếu bạn làm outsourcing thì mình tin là giả thử bạn làm xe chẳng hạn nhé thì dù có làm
seg_0007,7B24A9GfHAo,outsource hay không làm outsource thì bạn cũng sẽ động đến như là database bạn cũng động đến 1 số cái vấn đề như catching những cái những cái bình thường bình thường khi các bạn làm với outsource thôi thì cái cái cái vấn đề làm với outsource hay làm với product ấy nó không có quan trọng mà bạn hãy bước đầu tiên ấy phải đào sâu,outsource hay không làm outsource thì bạn cũng sẽ động đến như là database bạn cũng động đến 1 số cái vấn đề như caching những cái ờ những cái bình thường bình bình thường khi bạn làm với outsource thôi thì cái cái cái vấn đề làm với outsource hay làm với product ấy nó không có quan trọng mà bạn hãy bước đầu tiên ấy hãy đào sâu
seg_0008,7B24A9GfHAo,đào sâu cái cái cái cái thứ mình đang làm được đừng đừng chỉ đơn giản tôi viết code xong là tôi đẩy lên xong tôi xong trách nhiệm là tôi tôi tôi coi như tôi xong xong là trải qua dăm 35 tôi tôi nghĩ là tôi tự động tôi trở thành senior được cái đấy là cái đấy là khó thì nó nó cần 1 cái sự đào sâu,đào sâu cái cái cái thứ mình đang làm được đừng đừng chỉ đơn thản là tôi viết code xong là tôi đẩy lên xong tôi xong trách nhiệm là tôi tôi tôi coi như tôi xong xong là trải qua dăm 35 tôi tôi nghĩ là tôi tự động được thành trên thì là được cái đấy là cái đấy là khó vì nó nó cần 1 sự đào sâu
seg_0009,7B24A9GfHAo,để để các bạn có thể trở thành 1 cái lập trình viên nhiều kinh nghiệm hơn thì đấy là trả lời câu hỏi của lộc lâm đúng 00 biết đã trả lời được chưa em thấy câu trả lời cũng khá chi tiết nếu mà lộc lâm có câu hỏi thì gì đặt xuống nhá câu tiếp theo của bạn hà việt tiến đấy là thường các anh chia các phần interview,để các bạn có thể trở thành 1 lập chính quyền nhiều kinh nghiệm hơn
seg_0010,7B24A9GfHAo,ra sao vậy các anh à câu này thì lát nữa mình sẽ có vòng à mock interview nhá tiến nhá thì em cứ theo dõi lát nữa mock interview là sẽ sẽ hiểu ngay là chia như nào gợi ý là sẽ có 7 bước ok,ra sao vậy các anh à câu này thì lát nữa mình sẽ có vòng mock interview nhé tiến nhé thì em cứ theo dõi lát nữa mà mock interview là sẽ hiểu ngay chia như nào gợi ý là sẽ có 7 bước
seg_0011,7B24A9GfHAo,câu tiếp theo của ht hiệp có gợi ý gì về system design cho super app dùng được với cross platform không ờ design cho super app hả cái này,ok câu tiếp theo của ht hiệp có gợi ý gì về system design cho super app dùng được với cross platform không
seg_0012,7B24A9GfHAo,là hình như các bạn đang không nói về interview phải không ạ bạn nói về design 1 cái cái app thực tế cái super app thực tế thì system design hả thì cái này bạn nói đang nói về 1 cái app thực tế thì thực ra thì mình cũng không,là hình như bạn đang không nói về interview không ạ bạn nói về design 1 cái cái app thực tế cái super app thực tế thì system design ạ thì cái này bạn đang nói về 1 cái app thực tế thì thật ra thì mình cũng không
seg_0013,7B24A9GfHAo,có cũng không có cơ hội làm việc với lại super app ờ mình đã từng làm việc tại zalo và shopee tại làm booking thì mình cũng thì nếu mà các bạn thì khi mà mình làm việc công ty shopee,cũng không có cơ hội làm việc với lại super app mình đã từng làm việc tại zalo và shopee tại làm booking thì mình cũng thì nếu mà các bạn thì khi mà mình làm việc công ty shopee
seg_0014,7B24A9GfHAo,thì mình cũng có dùng cross platform thì mình dùng react native thì ờ ờ mình có thể nói sơ qua thì công ty sẽ có team về react native 1 cái team về ờ native android 1 team về,thì mình cũng có dùng cross platform thì mình dùng react native thì à mình có thể nói sơ qua thì công ty sẽ có team về react native 1 team về native android 1 team về
seg_0015,7B24A9GfHAo,native ios thì ờ native android và native ios thì ngồi develop những cái tính năng à native à feature native thì họ cũng build những cái react native bridge cho react native team gọi những cái api,native android và native ios thì ngoài develop những cái tính năng native feature native thì họ cũng build những cái react native bridge cho react native team gọi những cái api
seg_0016,7B24A9GfHAo,native của trên android và ios ừ thì mình có thể chia sẻ là như vậy ok cảm ơn hiệp ờ chắc là mình sẽ câu hỏi trả lời thêm,ngài native của trần android và ios thì mình có thể chia sẻ là như vậy
seg_0017,7B24A9GfHAo,2 câu hỏi nữa nha mọi người nhá sau đấy thì mình đã để phần cuối phần cuối vẫn còn trả lời câu hỏi nữa nam nguyễn là em nghe nói khi interview system design thì không nên nhắc đến tool cụ thể như redis kafka elastic search mà nên,2 câu hỏi đó nha mọi người nhé sau đấy thì mình sẽ để ở phần cuối phần cuối vẫn còn trả lời câu hỏi nữa nam nguyễn là em nói khi interview sưu tình design thì không nên nhắc đến tool cụ thể như redis kafka elastic search mà nên
seg_0018,7B24A9GfHAo,nói dùng cashing message queue sau đó nên nêu ra tên cùng sự trade off của các công nghệ đấy đúng không ạ à câu này thì,nói dùng caching message queue sau đó nên nêu ra tên cùng sự chết hạt của các công nghệ đấy đúng không ạ
seg_0019,7B24A9GfHAo,anh bồng thấy sao bạn nam bạn nói là 00 nên nói ra tool cụ thể ngay từ đầu đấy mà nên nói ra là dùng dùng cái cái gì dùng cashing hay là dùng message queue đấy sau đó là mới nói ra tên những cái công nghệ kia và cùng cái sự trade off,thì anh bồng thấy sao bạn nam đã nói là không nên nói theo tool cụ thể ngay từ đầu mà nên nói ra là dùng cái gì dùng caching hay dùng message queue sau đó là mới nói ra tên những cái công nghệ kia và cùng cái sự tradeoff
seg_0020,7B24A9GfHAo,thì có đúng không mình à mình mình mình cũng đồng ý với bạn đấy thì 00 phải là không nên nhắc đến các tool cụ thể mà là ý là không nên nhắc đến luôn có nghĩa là bạn nêu nói ra là bạn sẽ cần những cái công cụ như thế nào để giải quyết bài toán như thế này,thì có đúng không mình ờ mình mình cũng đồng ý với bạn đấy thì 00 phải là không nên nhắc đến các 4 cụ thể mà là ý là không nên nhắc đến luôn có nghĩa là bạn nếu nói ra là bạn sẽ cần những công cụ như thế nào để giải quyết bài toán như thế này
seg_0021,7B24A9GfHAo,đấy sau khi ờ bạn đã chọn được cái dạng công cụ để giải quyết cái bài toán đấy thì bạn có thể thể hiện thêm kinh nghiệm bản thân của mình bằng cách là nói rõ thêm là có thể dùng những công cụ cụ thể nào để giải quyết cái bài toán đấy đấy thì,sau khi bạn đã chọn được cái dạng công cụ để giải quyết cái bài toán đấy thì bạn có thể thể hiện thêm kinh nghiệm bản thân của mình bằng cách là nói rõ thêm và có thể dùng những công cụ cụ thể nào để giải quyết cái bài toán đấy
seg_0022,7B24A9GfHAo,thì cái đấy nó sẽ phụ thuộc vào kinh nghiệm của bạn thôi nếu bạn làm nhiều về redis thì bạn sẽ giải thích là bạn có thể chọn redis để giải quyết cái bài toán này để trong cái dạng công cụ đấy vì thường là nó sẽ có nhiều cái công cụ cụ thể trong 1 cái ờ dạng bài toán mà chứ không phải phải,thì cái đấy nó sẽ phụ thuộc vào kinh nghiệm của bạn thôi nếu bạn làm nhờ về reddit thì bạn sẽ giải thích là bạn có thể chọn reddit để giải quyết cái bài toán này trong cái dạng công cụ đấy vì thường là nó sẽ có nhiều cái công cụ cụ thể trong 1 cái dạng bài toán mà chứ không phải
seg_0023,7B24A9GfHAo,bao giờ ông có 1 cái thì thì cái phần ờ chọn cái dạng công cụ nào và vì sao chọn cái đấy quan trọng hơn là cái việc chọn công cụ cụ thể nào nhưng mà cái việc chọn công cụ cụ thể nào cũng thể hiện được ờ kinh nghiệm làm việc của của mình thì cũng nên đưa ra đấy,3 giờ ông có 1 cái rồi đấy thì cái phần chọn cái dạng công cụ nào và vì sao chọn cái đấy quan trọng hơn là cái việc chọn công cụ cụ thể nào nhưng mà cái việc chọn công cụ cụ thể nào cũng thể hiện được kinh nghiệm làm việc của mình thì cũng nên đưa ra
seg_0024,7B24A9GfHAo,còn nếu không đưa ra được thì cũng không sao cả nó cũng không quá đang lắm tức là không phải 1 điểm trừ quá lớn hả anh thì nếu mà đưa ra được thì là sẽ điểm cộng thì không đưa ra được thì bạn có thể gọi điểm trừ cũng được không được cộng thì cũng là trừ,còn nếu không đưa ra được thì cũng không sao cả nó cũng không quá đáng lắm đã không phải 1 điểm trừ quá lớn hả anh thì nếu mà đưa ra được thì là sẽ điểm cộng
seg_0025,7B24A9GfHAo,nhưng không phải là bị trừ điểm chỉ là không được cộng thôi vâng ạ cạnh tranh với những ứng viên khác nữa đúng 00 được cộng là 1 cái mà cũng hơi bất lợi rồi thì anh em cố gắng sao thể hiện tốt nhất thôi mình trả lời nốt 1 câu cuối cùng nhá của bạn thông phạm nhá sau đấy những câu sau mình xin phép là,nếu không phải là bị trừ điểm thì là không được cộng thôi vâng cạnh tranh với những ứng viên khác nữa đúng 00 được cộng là 1 cái và cũng hơi bất lợi rồi thì anh em cố gắng sao thể hiện tốt nhất thôi mị trả lời nốt 1 câu cuối cùng nhé của bạn thông phạm nhé sau đấy những câu sau mình xin phép là
seg_0026,7B24A9GfHAo,là vào phần sau nhá thông phạm có nhắn tin là làm thế nào để biết để mình biết thế nào là 1 cái good system design trong phỏng vấn interviewer sẽ được 1 câu khá là chung sẽ ừ sẽ gửi 1 câu khá là chung nên sau khi mình design,là vào phần sau nhé thông phạm có nhắn tin là làm thế nào để biết để mình biết thế nào là 1 cái good system design trong phỏng vấn interviewer sẽ được 1 câu khá là chung sẽ ờ sẽ gửi 1 câu khá là chung nên sau khi mình đi
seg_0027,7B24A9GfHAo,thì có khi nào design đó tốt với mình nhưng lại không đúng tiêu chuẩn của interviewer hay không câu này rất hay nhá thì anh em sẽ trả lời nốt câu này anh anh có thể trả lời câu này,thì có khi nào design đó tốt hơn mình nhưng lại không đúng tiêu chuẩn của interviewer hay không
seg_0028,7B24A9GfHAo,dạ vâng ạ anh quỳnh à anh bồng thì cái việc nó nó là tùy và thằng phỏng vấn thôi nếu mà gặp ông phỏng vấn khó tính kiểu rất là bảo thủ ông ấy muốn người phỏng vấn ờ phải đi theo cái cách của ông ấy thì thì đúng là phải chịu thôi nhưng mà thường thì ít khi bạn sẽ gặp phải ông phỏng vấn như thế mà nếu gặp phải ông như thế thì cái việc mình bị loại thì cũng đúng thôi bởi vì sau làm việc với những người như thế rất là khó chịu,dạ vâng ạ anh quỳnh thì cái việc là nó là tùy thằng phỏng vấn thôi nếu mà gặp 1 ông phỏng vấn khó tính kiểu rất là bảo thủ ông ấy muốn người phỏng vấn phải đi theo cái cách của ông ấy thì thì đúng là phải chịu thôi nhưng mà thường thì ít khi bạn sẽ gặp phải ông phỏng vấn như thế mà nếu gặp phải ông như thế thì kích hoạt mình bị loại thì cũng đúng thôi vì vì sau làm việc với những người như thế rất là khó chịu
seg_0029,7B24A9GfHAo,à thì thì thường thì người phỏng vấn người ta sẽ không quá đặt khắt khe là bạn phải theo cái thiết kế theo kiểu nào thiết kế theo kiểu kia ờ miễn là bạn giải quyết được bài toán và bạn giải thích được cái việc mà bạn chọn cái công cụ đấy như thế nào đấy,thì thì thường thì người phỏng vấn người ta sẽ không quá đặt khắt khe là bạn phải theo cái thiết kế theo kiểu nào thiết kế theo kiểu kia miễn là bạn giải quyết được bài toán và bạn giải thích được cái việc mà bạn chọn cái công cụ đấy như thế nào đấy
seg_0030,7B24A9GfHAo,chẳng hạn như bạn có thể kiểu như có 1 bài toán mà chọn nosql có thể tốt hơn sql 1 chút nhưng mà bạn có thể giải thích rằng là kiểu bạn thân thuộc với sql bạn làm với nó nhiều 5 rồi bạn có nhiều kinh nghiệm với nó bạn có lượng kiến thức lớn thì thì cái việc mà bạn chọn cái công cụ,chẳng hạn như bạn có thể kiểu như có 1 bài toán mà chọn no circle có thể tốt hơn circle 1 chút nhưng mà bạn có thể giải thích rằng là kiểu bạn thân thuộc với circle bạn làm với nhiều 5 rồi bạn có nhiều kinh nghiệm với nó bạn có lượng kiến thức lớn thì thì cái việc mà bạn chọn những công cụ đấy
seg_0031,7B24A9GfHAo,đấy thì nó cũng 00 trừ quá điểm được quá nhiều điểm mà nó còn có thể là ờ kiểu thuyết phục được cái người phỏng vấn ấy thì người ta có thể thấy rằng bạn là 1 người kiểu biết thuyết phục người khác khi chọn 1 công nghệ thì cái đấy cũng là 1 điểm cộng chứ 00 nhất thiết là bạn phải chọn đúng cái loại công nghệ mà,thì nó cũng 00 trừ quá điểm quá nhiều điểm mà nó còn có thể là kiểu thuyết phục được cái người phỏng vấn ấy thì người ta có thể thấy rằng bạn là 1 người kiểu biết thuyết phục người khác khi chọn công nghệ thì cái đấy cũng là 1 điểm cộng chứ 00 nhất thiết là bạn phải chọn đúng cái loại công nghệ mà
seg_0032,7B24A9GfHAo,mà người phỏng vấn muốn thì thì đấy thì cái việc mà làm sao để biết được cái mình design 1 cái good system design không ấy thì thì nói chung là ờ cái này thì chắc là mình nghĩ là theo,mà người phỏng vấn muốn thì thì đấy thì cái việc mà làm sao để biết được cái mình design 1 good system design không ấy thì thì nói chung là à cái này thì test là mình nghĩ là theo
seg_0033,7B24A9GfHAo,linh cảm thôi thì nếu mà thấy cái ông phỏng vấn và nó ông ấy tương tác với mình tốt hoặc là cười nhiều hoặc là hoặc là đồng ý với mình nhiều gật nhiều ông cũng kiểu gật gật theo bản năng cũng chưa chắc ông ấy đồng ý đâu nhưng mà cái này ờ thì thường là nếu mà ông ấy 00 đặt quá nhiều câu hỏi,linh cảm thôi thì nếu mà thấy cái ông phỏng vấn và nó ông ấy tương tác với mình tốt rồi cười nhiều hoặc là đồng ý với mình nhiều nhiều ông cũng kiểu gật gật hết bản năng rồi cũng chưa chắc ông ấy đồng ý đâu thì thường là nếu mà ông ấy 00 đặt quá nhiều câu hỏi
seg_0034,7B24A9GfHAo,về cái bài phỏng vấn của mình ấy thì có khả năng là ông ấy đồng ý với mình nhiều còn cái việc gật thì cũng 00 thể chấm được bởi vì mình phỏng vấn mình gật nhiều lắm cứ gật theo bản năng thôi không có nghĩa là mình đồng ý đâu ờ nhưng mà kiểu vậy bạn nào mà,còn cái bài phỏng vấn của mình ấy thì có khả năng là ông ấy đồng ý với mình nhiều còn cái việc gật thì cũng không thể chấm được bởi vì mình phỏng vấn mình gật nhiều lắm cứ gật theo khả năng rồi có không có nghĩa là mình đồng ý lắm nhưng mà kiểu vậy bạn nào bạn
seg_0035,7B24A9GfHAo,ờ đi phòng vấn gặp anh bồng ấy thì phải chú ý khi nào anh ấy cười mới ok nhá ok ok ờ vui vui thế thôi câu hỏi khá là hay đấy anh em nhiều khi cũng phải cần 1 chút nhạy cảm thì mới mới mới,đi phỏng vấn gặp anh bồng ấy thì phải chú ý khi nào anh ấy cười mới ok nhé ok à vui vui thế thôi câu hỏi khá là hay đấy anh em nhiều khi cũng cần 1 chút nhạy cảm
seg_0036,7B24A9GfHAo,mới nhận ra là mới biết được là là là nhà phỏng vấn người ta như thế nào đối với câu hỏi của mình ok anh em ờ thì hiện mình cũng còn 1 số câu hỏi nữa nhưng mình xin phép là là chuyển những câu hỏi này xuống phần cuối giờ mình còn 1 session kia ở đây nữa ở cuối giờ,mới nhận ra là mới biết được là là là nhà phỏng vấn người ta như nào đối với câu hỏi của mình ok anh em thì hiện mình cũng còn 1 số câu hỏi nữa nhưng mình xin phép là là chuyển những câu hỏi này xuống phần cuối giờ mình còn 1 session kia ở đây nữa ở cuối giờ
seg_0037,7B24A9GfHAo,còn hiện tại thì mình xin phép là sẽ chuyển sang phần mock interview đây 1 phần mà anh em rất mong chờ đấy thì mình cứ nghe nhiều lý thuyết là system design phải thế này phải thế kia thế nhưng mà bây giờ cụ thể system design nó diễn ra như thế nào đấy thì 2,còn hiện tại thì mình xin phép là sẽ chuyển sang phần mốc interview đây 1 phần mà anh em rất mong chờ đấy thì mình cứ nghe nhiều lý thuyết là system design phải thế này phải thế kia thế nhưng mà bây giờ cụ thể system design nó diễn ra như thế nào
seg_0038,7B24A9GfHAo,giảng viên của fsc sẽ demo cái vòng mock interview này ờ cho các bạn có thể theo dõi và các bạn có thể hiểu rõ nhất về về cái vòng này thì ngày hôm nay thì cái buổi mock interview,giảng viên của fse sẽ demo cái vòng mốc interview này cho các bạn có thể theo dõi và các bạn có thể hiểu rõ nhất về cái vòng này
seg_0039,7B24A9GfHAo,về system design sẽ được thực hiện bởi anh quỳnh và anh bồng cũng là 2 giảng viên cũng là 2 gọi là 2 senior software engineer mà có nhiều kinh nghiệm nhất với cái mảng mà gọi là đi phỏng vấn các bạn về system design thì hôm nay,ghi 4 về system design sẽ được thực hiện bởi anh quỳnh và anh bồng cũng là 2 giảng viên cũng là 2 gọi là 2 senior so với engineer mà có nhiều kinh nghiệm nhất với cái màng gọi là đi phỏng vấn các bạn về system design thì hôm nay là
seg_0040,7B24A9GfHAo,1 anh sẽ đóng vai người phỏng vấn và 1 anh sẽ đóng vai ứng viên 2 anh sẽ demo cho chúng ta biết là cái vòng này rốt cục là nó như nào và làm sao để các bạn có thể perform tốt được thì bây giờ em xin ờ nhường mic lại cho anh,1 anh sẽ đóng vai người phỏng vấn và 1 anh sẽ đóng vai ứng viên 2 anh sẽ demo cho chúng ta biết là là cái vòng này rốt cuộc là nó như nào và làm sao để các bạn có thể perform tốt được
seg_0041,7B24A9GfHAo,anh bồng và anh quỳnh nhá ok thank you nguyên thì à như bạn nguyên đã giới thiệu ấy thì bọn mình sẽ cố gắng demo cho các bạn thực sự là à đi khi bạn đi phỏng vấn thực tế thì 1 cái buổi nó cái thứ nó tên gọi là system design interview nó sẽ diễn ra như thế nào,anh bờ và anh quỳnh nhé ok thanh kiên nguyên thì như bạn nguyên đã giới thiệu ý thì bọn mình sẽ cố gắng demo cho các bạn thực sự là khi bạn đi phỏng vấn thực tế thì mỗi buổi nó có cái thứ nó tên gọi là system design interview ý nó sẽ diễn ra như thế nào
seg_0042,7B24A9GfHAo,và ờ bọn mình sẽ trong quá trình mock thì bọn mình sẽ cố gắng có thể là make những mistake sau đó bọn mình sẽ sẽ sẽ sẽ giải thích luôn là cái cái cái này nó là cái gì trong cái buổi system design interview thì thì thì bọn mình sẽ vừa demo cố gắng cố gắng,và bọn mình sẽ trong quá trình mốc thì bọn mình sẽ cố gắng có thể là make những mistake sau đó bọn mình sẽ sẽ sẽ giải thích luôn là cái cái cái này nó là cái gì trong cái buổi chức trực lý đa interviu thì thì thì bọn mình sẽ vừa demo cố gắng cố gắng
seg_0043,7B24A9GfHAo,gắng bọn mình sẽ vừa demo và vừa giải thích xem cái này nó là cái gì và và hi vọng là bởi vì bọn mình cũng cũng cũng chỉ là những anh em software engineer bình thường thôi chắc là bọn mình cũng sẽ make những cái mistake thì hi vọng là anh em thông cảm,bọn mình sẽ vừa demo và vừa giải thích xem cái này nó là cái gì và hy vọng là bởi vì bọn mình cũng chỉ là những anh em song ngành chữ tiêu bình thường thôi nên chắc là bọn mình cũng sẽ make những cái mistake thì hy vọng là anh em thông cảm
seg_0044,7B24A9GfHAo,ờ anh bồng ơi ờ anh có thể share screen được không hay là gì đấy được không để anh share screen ok,ờ anh bồng ơi anh có thể share screen không hay làm gì đấy đâu
seg_0045,7B24A9GfHAo,à có vẻ như host 000 cho phép sharing à à sorry em bấm share cho để em em nguyên phải cho phép anh share đây em make anh,à có vẻ như host không cho phép sharing
seg_0046,7B24A9GfHAo,luôn share ok được rồi được rồi được rồi đây thì mình chắc dùng cái ứng dụng này để làm phỏng vấn test thử luôn,ok được rồi được rồi thì mình sẽ dùng cái ứng dụng này để làm phỏng vấn test thử luôn
seg_0047,7B24A9GfHAo,ok quỳnh thấy chắc bắt đầu đấy mọi người nhìn thấy màn hình của mình chưa nhỉ ok thì 1 buổi interview sẽ thường đầu tiên sẽ đầu đó tầm 1 đến 2 phút thì người ta sẽ giới thiệu 2 bên sẽ giới thiệu với nhau,ok thì 1 buổi interview sẽ thường đầu tiên sẽ đầu đó tầm 1 đến 2 phút thì người ta sẽ giới thiệu và 2 bên sẽ giới thiệu với nhau
seg_0048,7B24A9GfHAo,thì bọn mình sẽ bắt đầu ngay tại đây ok xin chào ứng viên bồng à tôi chào mừng bạn đã đến với buổi mock system design interview của chúng ta ngày hôm nay tôi tên là quỳnh hiện tại tôi đang làm senior software engineer tại tiktok và công việc của tôi là team tiktok,giờ mình sẽ bắt đầu ngay đây ok xin chào ứng viên bồng à tôi chào mừng bạn đã đến với buổi mốc system design interview của chúng ta ngày hôm nay tôi tên là quỳnh à hiện tại tôi đang làm cnr software engineer tại tiktok và công việc của tôi là team ờ tiktok
seg_0049,7B24A9GfHAo,fans club abc xyz gì đó thì rất rất vui vì chúng ta đã có 1 buổi interview ngày hôm nay thì bạn có thể giới thiệu về background cũng như công việc của bạn được không ừ à chào chào bạn thì mình tên là bồng hiện tại mình là giảng viên ở,fan club abc xz gì đó thì rất rất vui vì chúng ta đã có 1 buổi interview ngày hôm nay thì bạn có thể giới thiệu về background cũng như công việc của bạn được không à chào chào bạn à thì mình tên là bồng hiện tại mình làm giảng viên ở
seg_0050,7B24A9GfHAo,fsc à công việc chủ yếu của mình là đi làm giảng viên và chia sẻ kiến thức với các bạn khác đấy thì mình mới bắt đầu công nghiệp công việc được 1 thời gian đấy đang tích lũy công nghiệm kinh nghiệm dần dần hôm nay mình tham gia phỏng vấn cảm ơn bạn,fsc công việc chủ yếu của mình là đi làm giảng viên và chia sẻ kiến thức với các bạn khác thì mình mới bắt đầu công việc được 1 thời gian đang tích lũy công nghiệp kinh nghiệm dần dần hôm nay mình tham gia phỏng vấn cảm ơn bạn
seg_0051,7B24A9GfHAo,ok ok chúng ta ok cảm ơn 1 giảng viên đã apply vào vị trí software engineer của công ty chúng tôi ok thì ờ ờ ờ ờ vòng của chúng ta hôm nay là vòng system design interview và cái câu hỏi của tôi dành cho bạn ngày hôm nay đó là bạn hãy,ok ok à chúng ta ok cảm ơn 1 giảng viên đã apply vào vị trí software engineer của công ty chúng tôi ok thì ờ ờ ờ vòng tục tắc hôm nay là vòng system design interview và cái câu hỏi của tôi dành cho bạn ngày hôm nay đó là bạn hãy đi
seg_0052,7B24A9GfHAo,design cho tôi 1 cái hệ thống đó là à có thể cho phép ờ giống như là grab chẳng hạn có thể cho phép 1 à 1 cái gọi như là người passenger hay là người khách hàng có thể gọi là tương tác được,ghi ra cho tôi 1 cái hệ thống đó là là có thể cho phép ờ giống như là grab chẳng hạn có thể cho phép 1 ờ 1 cái gọi như là người passenger hay là người khách hàng có thể tương tác được
seg_0053,7B24A9GfHAo,với được khách hàng có thể tương tác được với driver của của hệ thống chúng ta 1 cái hệ thống như grab chúng ta sẽ có driver chẳng hạn và khách hàng sẽ book cái cái cái cái cuốc cuốc xe của của driver đấy và tôi muốn bạn,với à được khách hàng có thể tương tác được với driver của của hệ thống chúng ta 1 cái hệ thống như grab chúng ta sẽ có driver chẳng hạn và mà khách hàng sẽ book cái cái cái cook cook xe của của driver đấy và tôi muốn bạn
seg_0054,7B24A9GfHAo,design 1 cái hệ thống mà có thể sau khi sau khi khách hàng đã book thành công thì chúng ta muốn 1 cái hệ thống 1 cái chức năng như là khách hàng có thể biết được cái cái location của driver đó đó thì đó là cái cái cái cái bài toán của chúng ta trong ngày hôm nay,mình rai 1 cái hệ thống mà có thể sau khi sau khi khách hàng đã book thành công thì chúng ta muốn 1 cái hệ thống 1 cái chức năng như là khách hàng có thể biết được cái cái location của driver đó đó thì đó là cái cái cái bài toán của chúng ta trong ngày hôm nay
seg_0055,7B24A9GfHAo,à hình như anh anh vừa bị mất mạng quỳnh quỳnh quỳnh nhắc lại cái đoạn ờ tương tác với hệ thống driver ok sorry ok thì cái bài toán của chúng ta hôm nay sẽ là design 11 số những chức năng,à hình như anh vừa bị mất mạng quỳnh quỳnh nhắc lại cái đoạn tương tác với hệ thống driver ok sorry ok thì cái bài toán của chúng ta hôm nay sẽ là design 1 số những chức năng
seg_0056,7B24A9GfHAo,mà giống như grab thì các bạn bạn bạn có thể thấy là sau khi mà người dùng người ta đặt cuốc thành công ấy thì người dùng sẽ cần biết được cái cái vị trí của cái người driver đấy khi khi khi mà 2 bên đã đặt cuốc thành công thì bây giờ tôi muốn bạn hệ,mà giống như grab thì các bạn bạn có thể thấy là sau khi mà người dùng người ta đặt cuốc thành công ấy thì người dùng sẽ cần biết được cái cái vị trí của cái người driver đấy khi khi khi mà 2 bên đã đặt cuốc thành công thì bây giờ tôi muốn bạn hẹn
seg_0057,7B24A9GfHAo,ờ design ra 1 cái hệ thống cho tôi ờ để giúp cho người dùng có thể biết được cái vị trí của 1 cái anh driver sau khi mà ông cái người dùng đấy đã đã đã đặt cuốc thành công sau khi đã nổ cuốc à thì ok thì bình thường thì nếu người phỏng vấn thì mình,design ra 1 hệ thống cho tôi để giúp cho người dùng có thể biết được cái vị trí của 1 anh driver sau khi mà ông người dùng ấy đã đặt cuốc thành công sau khi đã nổ cuốc
seg_0058,7B24A9GfHAo,sẽ phải confirm lại với 1 người phỏng vấn là là người ta muốn gì thì ở đây là mình muốn nhắc lại là kiểu thì có phải là bạn muốn mình thiết kế 1 cái hệ thống mà giúp à khách hàng ờ họ có được ờ họ họ họ cập nhật được,thì sẽ phải confirm lại với 1 người phỏng vấn là người ta muốn gì thì ở đây là mình muốn nhắc lại là kiểu thì có phải là bạn muốn mình thiết kế 1 hệ thống mà giúp khách hàng họ có được họ họ cập nhật được
seg_0059,7B24A9GfHAo,ờ vị trí của cập nhật được vị trí của tài xế sau khi đặt cuốc xe đúng không đúng rồi thế à sau khi đặt quốc xe à thì cái việc mình viết ra đây là mình để coi như là để làm hợp đồng với người phỏng vấn là họ biết rằng họ muốn cái gì sau này họ không,cập nhật được vị trí của tài xế sau khi đặt cốp xe đúng không đúng rồi thế à sau khi đặt cốp xe thì cái việc mình viết ra đây mình để coi như là để làm hợp đồng với người phỏng vấn là họ biết rằng họ muốn cái gì sau này họ không
seg_0060,7B24A9GfHAo,kiểu bẻ lật lọng à kiểu như thế thì à đúng rồi thế thì thì và tôi tôi cho luôn các bạn ờ ờ sorry và tôi cho luôn các bạn cái cái thứ mà các bạn sẽ không phải design đó là cái cái quá trình người ta đặt cuốc bạn sẽ không phải,kiểu bẻ lật lọng kiểu như thế thì à thế thì đầu tiên là cái gì tôi cho luôn các bạn ờ sorry và tôi cho luôn các bạn cái cái thứ mà các bạn sẽ không phải đi dài đó là cái cái quá trình người ta đặt cuốc bạn sẽ không phải đi dài
seg_0061,7B24A9GfHAo,design cái đoạn đấy không phải cái đấy sẽ là out scope của của của của chúng ta ngày hôm nay thiết kế phần đặt xe đúng không đúng rồi cái scope chỉ là bạn design làm sao cho người dùng có thể biết được vị trí của của driver sau khi đã đặt cuốc,đây sẽ là áo scope của của của của chúng ta nhắm vào thế kế phần đặt ô xe đúng không ừ vâng cái scope chỉ là bản design làm sao cho người dùng có thể biết được vị trí của của driver sau khi đã đặt bộ
seg_0062,7B24A9GfHAo,thì thì mình sẽ đầu tiên là mình sẽ làm về cái functional requirement thì mình nghĩ là nếu mà hệ thống như này thì sẽ có 2 chức năng chính thì chức năng thứ nhất sẽ là tài xế à phải tài xế,thì thì mình sẽ đầu tiên là mình sẽ làm về cái functional requirement thì mình nghĩ là nếu mà hệ thống như này thì sẽ có 2 chức năng chính thì chức năng thứ nhất sẽ là giờ tài xế à phải tài xế
seg_0063,7B24A9GfHAo,gửi thông tin ờ vị trí ờ của họ về backend đúng không thì cái này là phải liên tục đúng đấy ờ ờ đúng không ok thì và 1 chức năng mình nghĩ chức năng thứ 2 đó là,gửi thông tin vị trí của họ về backend đúng không thì cái này là phải liên tục đúng không ok thế và 1 chức năng mình nghĩ chức năng thứ 2 đó là
seg_0064,7B24A9GfHAo,à hành khách à sau khi sau khi đặt quốc xe xe thì phải có được cập nhật,đó là hành khách sau khi sau khi đặt cuốc xe đặt xe thì phải có được cập nhật
seg_0065,7B24A9GfHAo,vị trí của tài xế ok rồi đúng rồi ok thì muốn chắc chắn phần ờ này mình phóng to lên chút sao nó lại bị bé vậy,vị trí của tài xế
seg_0066,7B24A9GfHAo,ok ok thì ờ thì thì đây chắc là functional requirement thì nếu mà đồng ý này thì mình sẽ đi sang phần nonfunctional requirement ok bạn có thể bước sang phần nonfunction requirement được rồi,ok được rồi ok thì à thì để từ đây chắc là functional requirement thì nếu mà đồng ý thì mình sẽ đi sang phần non-functional requirement ok bạn có thể bước sang phần non-functional requirement được rồi
seg_0067,7B24A9GfHAo,không phóng to được ờ nonfunctional thì ờ đầu tiên thì mình muốn biết là,đầu tiên mình muốn biết là
seg_0068,7B24A9GfHAo,thế có bao nhiêu request per second cho cái việc cập nhật tài xế ờ tài xế cập nhật để thông tin địa chỉ của họ vị trí của họ thì bạn có có biết là ờ qps của cái đấy là bao nhiêu không,có bao nhiêu request per second cho việc cập nhật tài xế tài xế cập nhật được thông tin ở địa chỉ của họ vị trí của họ thì bạn có biết là qps của cái đấy là bao nhiêu không
seg_0069,7B24A9GfHAo,ờ tôi có thể giả định đi ờ chúng ta có thể giả định đi tức là cái khả cập nhật tài xế cập nhật với 5000 qps đi chúng ta có thể giả định như vậy đi update qps sẽ là 5000 per second đúng không request,tôi có thể giả định đi chúng ta có thể giả định đi tức là kể cả cập nhật tài xế cập nhật với 5000 qps đi chúng ta có thể giả định như vậy đi update qps sẽ là 5000 per second đúng không
seg_0070,7B24A9GfHAo,qps query per second ok thế còn cái việc mà hành khách mà lấy thông tin về của cái tài xế của họ thì là khoảng bao nhiêu bạn biết không à tôi không biết ví dụ tôi là 1 người đặt quốc chẳng hạn thì tôi sẽ,ups trên yes carry per second ok thế còn cái việc mà hành khách mà lấy thông tin về của cái tài xế của họ thì là khoảng bao nhiêu bạn biết không ờ tôi không biết ví dụ tôi là 1 người đặt cuốc chẳng hạn thì tôi sẽ
seg_0071,7B24A9GfHAo,đâu đó tôi mở ra thi thảng độ vài phút tôi sẽ mở mở ra 1 lần 12 phút tôi sẽ mở ra 1 lần để xem thì cái cái tần suất tôi mở ra chắc là sẽ ít hơn tần suất của của tài xế update thì tôi sẽ cứ giả định là 1 1 1k 1000 qps đi,đâu đó tôi mở ra thì thẳng đụng vài phút tôi sẽ mở ra 1 lần 12 phút tôi sẽ mở ra 1 lần để xem thì cái cái tần suất tôi mở ra chắc là sẽ ít hơn tần suất của của tài xế update thì tôi sẽ giả định là 111 ca 1000 qps đi
seg_0072,7B24A9GfHAo,ờ qps ok ok 1000 qps à thế thế mình có kiểu có yêu cầu gì về latency độ trễ của request không update với lấy query có có yêu cầu gì không hay là bao nhiêu cũng được hay là phải càng nhanh càng tốt,à qps ok ok 1000 qps à thế thế mình có kiểu có yêu cầu gì về latency độ trễ của request không update cái library có có yêu cầu gì không hay là bao nhiêu cũng được hay là phải càng nhanh càng tốt
seg_0073,7B24A9GfHAo,ờ chúng ta tôi có thể giả định ờ cho bạn là các cái update này hoặc là các cái query này đều nhỏ hơn 400 mili giây đi thì 400 millisecond ok bạn không muốn 1 cái hệ thống nó cứ quay quay quay quay lâu quá,em chúng ta tôi có thể giả định cho bạn là các cái update này hoặc là các cái query này đều nhỏ hơn 400ms thì cũng được 400ms ok đó chúng ta không muốn 1 cái hệ thống nó cứ quay quay quay lâu quá
seg_0074,7B24A9GfHAo,ừ thì mình mình mình assume cái này là p99 đúng không à chứ không phải là 100 đúng không đúng rồi ok thì thì ờ 1 cái note ở đây là,ừ thì mình we assume cái này là p99 đúng không chứ không phải là 100 đúng không
seg_0075,7B24A9GfHAo,mình thấy là khi nhiều ờ bạn lấy cái độ trễ yêu cầu về độ trễ thì các bạn thường không nói về p99 hay là bao nhiêu thì nếu các bạn nói là không nói là gì thì thường người ta sẽ hiểu là 100 thì cái việc đấy thường rất là khó thì bao giờ cũng kiểu mình sẽ cố gắng 90,thì mình thấy là khi nhiều bạn lấy cái độ trễ yêu cầu về độ trễ thì các bạn thường không nói về p99 hay là bao nhiêu thì nếu các bạn nói là không nói là gì thì thường người ta sẽ hiểu là 100 thì cái việc đấy thường rất là khó thì bao giờ cũng kiểu mình sẽ cố gắng chính với phần
seg_0076,7B24A9GfHAo,rồi 99 là ờ độ trễ như thế thôi ok thì sau à sau khi có nonfunctional requirement đúng không thì à thì bước bước tiếp theo ấy mình mình muốn làm đó là mình sẽ đi vào phần ờ api design à à ok thì ở,phần 0 là 99 phần 0 là đợt đổi trễ như thế thôi ok thì sau a sau khi có non-function requirement đúng không thì à thì bước bước tiếp theo mình muốn làm đó là mình sẽ đi vào phần api design à ok thì ở
seg_0077,7B24A9GfHAo,api design ở đây thì mình sẽ có 2 ờ chức năng chính đó là gửi tài xế gửi thông tin vị trí của họ về backend với hành khách lấy thông tin vị trí từ backend thì api thứ nhất của mình sẽ là ờ post ờ,api design ở đây thì mình sẽ có 2 chức năng chính đó là gửi tài xế gửi thông tin vị trí của họ về back end với hành khách lấy thông tin vị trí từ back end thì api thứ nhất của mình sẽ là post
seg_0078,7B24A9GfHAo,post location đấy với thông tin tài tài xế là sẽ ở trong odd header thì thông tin của tài xế là sẽ nằm trong cái odd header thì bạn sẽ có driver id ở trong đấy ờ còn cái và cái pilot đưa lên thì sẽ,post location ấy với thông tin tài tài xế là sẽ ở trong auth header thì thông tin tài xế sẽ nằm trong cái auth header thì bạn sẽ có driver id ở trong đấy à còn cái và cái payload đưa lên thì sẽ
seg_0079,7B24A9GfHAo,là đưa lên sẽ là sẽ bao gồm ờ longitude đấy và latitude latitude,đưa lên sẽ là sẽ bao gồm longitude và latitude
seg_0080,7B24A9GfHAo,và cái latitude và timestamp nữa đấy cái này thì để để nói là kiểu cái ờ cái cái cái cái cập nhật này vào lúc nào,và cái latitude tiểu à và timestamp nữa ấy cái này thì để để nói là kiểu cái à ờ cái cái cái cái cập nhật này vào lúc nào
seg_0081,7B24A9GfHAo,đấy lý do là bởi vì là thường là khi mình scale có nhiều backend ấy thì cái request chạy lên nó sẽ không biết được cái backend nào thì cái việc mà có cái timestamp ở phía driver app ấy thì mình sẽ biết được cái request nào đến trước request và đến sau đấy thì mình sẽ có thể bỏ cái,lý do là bởi vì là thường là khi mình có scale có nhiều backend thì cái request chạy lên sẽ không biết được cái backend nào thì cái việc mà có cái timestamp ở phía driver app thì mình sẽ biết được cái request nào đến trước request nào đến sau thì mình sẽ có thể bỏ cái
seg_0082,7B24A9GfHAo,request đến sau à đến trước đi à để lấy lại cái cái request mà có thời gian cập nhật sau thì đây là api thứ nhất api thứ 2 để lấy cái thông tin của tài xế ở vị trí ở đâu thì mình sẽ dùng cái thiết kế như thế này,request đến sau à đến trước đi à để lấy lại cái request mà có thời gian cập nhật sau ấy thì đây là api thứ nhất api thứ 2 để lấy cái thông tin của tài xế ở vị trí ở đâu thì mình sẽ dùng cái phía như thế này
seg_0083,7B24A9GfHAo,driver id và current location last location thì thì cái này nó sẽ trả lại cái thông tin như là chẳng hạn như là,driver id và current location à last location thì thì cái này nó sẽ trả lại cái thông tin là à chẳng hạn như là
seg_0084,7B24A9GfHAo,ờ long detail với last detail đấy thì nó sẽ trả lại để biết được là cái vị trí tài xế đâu và cái app nó sẽ dùng cái thông tin này để lấy kết quả,longitude với latitude đấy giờ nó sẽ trả lại để biết được là cái vị trí tài xế đâu và cái app nó sẽ dùng cái thông tin này để lấy kết quả
seg_0085,7B24A9GfHAo,ờ các bạn lưu ý là khi khi khi trong quá trình các bạn design các bạn viết ở đây ờ document các cái thứ ở đây này thì interviewer hoàn toàn họ có thể stop các bạn bất kỳ lúc nào và các bạn họ thể hỏi các bạn bất kỳ 1 lúc nào cả ví dụ như bây giờ mình có thể hỏi anh bồng là ok bây giờ,à các bạn lưu ý là khi trong quá trình các bạn design các bạn viết ở đây document các cái thứ ở đây thì individual hoàn toàn họ có thể stop các bạn bất kỳ lúc nào và các bạn họ có thể hỏi các bạn bất kỳ 1 lúc nào cả ví dụ như bây giờ mình có thể hỏi anh bồng là ok bây giờ
seg_0086,7B24A9GfHAo,cái api của của anh bạn design như thế này này thì bây giờ làm nào để tôi nâng cấp được cái version của api này lên đó thì tôi ví dụ như là bây giờ 1 cái api tôi đang ở version 1 bây giờ tôi tôi muốn nâng cấp lên 1 version 2 thì làm thế nào nếu mà bạn đang design thì chỉ có,cái api của anh bạn design như thế này này thì bây giờ làm thế nào để tôi nâng cấp được cái version của api này lên á thì tôi ví dụ như là bây giờ 1 cái api tôi đang ở version 1 bây giờ tôi tôi muốn nâng cấp lên 1 version 2 thì làm thế nào nếu bạn đang design chỉ có
seg_0087,7B24A9GfHAo,1 version thì tất cả đang dùng chung 1 version thế này à đấy ví dụ như câu hỏi mình sẽ dành cho ứng viên là như vậy ừ đúng rồi thì thì trong trường hợp này thì đúng là à mình có lỗi là mình chưa chưa có api version ở trong cái,1 version thì tất cả đang dùng chung 1 version như thế này à thì ví dụ như câu hỏi mình sẽ dành cho ứng viên là như vậy ừ đúng rồi thì trong trường hợp này thì đúng rồi mình có lỗi là mình chưa chưa có api version ở trong cái api
seg_0088,7B24A9GfHAo,api design thế mình có thể sửa lại là như thế này one two đấy à cảm cảm ơn bạn phỏng vấn thì đó thì đó là 1 cái cái cái cái cái,để theo design à thế mình có thể sửa lại là như thế này cảm ơn bạn phỏng vấn ạ thì đó là 1 cái cái cái cái
seg_0089,7B24A9GfHAo,interview nó thường nó là như vậy ok xin mời bạn tiếp tục ạ sorry cái này vẫn là v1 thì trong trường hợp mà mình muốn lên version mới thì mình có thể thay v1 thành v2 thì trong trường hợp mình muốn breaking change thì là phần tiếp theo là mình sẽ đi vào,interview nó thường đang là như vậy ok xin mời bạn tiếp tục ạ sorry cái này vẫn là v1 ạ thì trong trường hợp mà mình muốn lên version mới thì mình có thể thay v1 thành v2 thì à trước đầu mình muốn breaking change ạ ok thì à phần tiếp theo là mình sẽ đi vào à
seg_0090,7B24A9GfHAo,ờ ờ database design database design thì mình sẽ có mình sẽ cần 1 database để lưu cái vị trí của ờ,đa tơ bây design database design thì mình sẽ có mình sẽ cần 1 đợt database để lưu cái vị trí của
seg_0091,7B24A9GfHAo,tài xế à thì thì cái cái cái việc này thì à thì thì tùy tùy vào cái mình nghĩ là ở đây là sẽ sẽ có tùy vào cái yêu cầu của cái bài toán thì ờ không biết bạn có thể nói rõ là kiểu cái việc lưu,tài xế à thì thì cái cái cái việc này thì à thì thì tùy tùy vào cái mình nghĩ là ở đây là sẽ sẽ có tùy vào cái yêu cầu của cái bài toán thì à không biết bạn có thể nói rõ là kiểu cái việc lưu lại
seg_0092,7B24A9GfHAo,data thì bạn có muốn lưu tất cả các vị trí của tài xế từ trước đến giờ không hay là chỉ mua lưu cái vị trí gần nhất bởi vì nếu mà các bạn cần những cái nếu mà mình cần 1 cái hệ thống cho machine learning ấy để học cái đường đi thì có khi là mình sẽ phải cần lưu tất cả các,kata thì bạn có muốn lưu tất cả các vị trí của tài xế từ trước đến giờ không hay là chỉ mua lưu cái vị trí gần nhất bởi vì nếu mà các bạn cần những cái nếu mà mình cần 1 cái hệ thống cho machine learning để học cái đường đi thì có khi là mình sẽ phải cần lưu tất cả các
seg_0093,7B24A9GfHAo,các cái vị trí của tài xế để biết được từ điểm a đế điểm b cái đường nào là ngắn nhất vì thường là tài xế họ sẽ chọn đường ngắn nhất họ đi ờ còn nếu mà cái việc đấy không quan trọng thì mình có thể lưu 1 cái database chỉ cần cái lưu vị trí hiện tại thôi thì không biết trong trường hợp này là mình cần trường hợp nào,cái vị trí của tài xế để biết được từ điểm a đến điểm b cái đường nào là ngắn nhất vì thường là tài xế sẽ chọn đường ngắn nhất họ đi còn nếu mà cái kiểu đấy không quan trọng thì mình có thể lưu 1 cái database chỉ cần lưu vị trí hiện tại thôi thì không biết trong trường hợp này là mình cần trường hợp nào
seg_0094,7B24A9GfHAo,à chúng ta đang thiết kế cho cho người dùng thôi nên mình không quan tâm về cái lịch sử của của cái cái cái cái anh tài xế đấy mình chỉ biết là hiện tại anh tài xế nó đang ở đâu thôi ừ ok thì à thì thì ok thì,à chúng ta đang thiết kế cho người dùng thôi nên mình không quan tâm về lịch sử của của cái cái anh tài xế đấy mình chỉ biết hiện tại anh tài xế đang ở đâu thôi
seg_0095,7B24A9GfHAo,thì à mình có thể cái database của mình đấy mình có thể đơn giản là có 3 trường đó là driver id là tài xế nào đấy longitude đấy latitude và last updated,thì mình có thể cái database của mình ấy mình có thể đơn giản là có 3 trường đó là driver id tài xế nào longitude last updated
seg_0096,7B24A9GfHAo,thì thì 23 cái trường này thì rõ ràng rồi thì cái last updated đất ở đây của mình có ý là mình muốn là cái lần cập nhật gần đất gần nhất ở đây là gì thì cái việc này à mình cần nó là bởi vì là giống như mình nói lúc nãy là khi mà hệ thống là có nhiều,thì thì 23 cái trường này thì rõ ràng rồi thì cái last updated dất ở đây của mình có ý là mình muốn là cái lần cập nhật gần nhất ở đây là gì thì cái việc này mình cần nói là bởi vì là giống như mình nói lúc nãy là khi mà hệ thống là quá nhiều
seg_0097,7B24A9GfHAo,nhiều server ấy thì và request có thể chạy đến các server ngẫu nhiên ấy thì có thể request là được đưa đến được tạo trước nhưng mà lại đến sau thì trong cái có cái trường này nó sẽ giúp cho mình là mình sẽ không cập nhật đè lại những cái thông tin mà mới hơn,kiểu server ấy thì và request có thể chạy đến các server ngẫu nhiên thì có thể request được đưa đến được tạo trước nhưng mà lại đến sau thì trong cái có cái trường này nó sẽ giúp cho mình là mình sẽ không cập nhật đè lại những cái thông tin mà mới hơn
seg_0098,7B24A9GfHAo,đấy thì chẳng hạn như là người dùng sẽ không thấy là phải tài xế đi lùi chẳng hạn đó là như thế ok thì à thì bạn có câu hỏi gì không sau khi mình thiết kế như thế này,đấy thì chẳng hạn nhà người dùng sẽ không thấy là tài xế đi lùi chẳng hạn ấy chẳng hạn như thế ok thì à thì bạn có câu hỏi gì không sau khi mình thiết kế như thế này
seg_0099,7B24A9GfHAo,ừ ok mình có 1 câu hỏi là với cái thiết kế như thế này thì bạn sẽ chọn loại database là gì ừ thì à thì mình nghĩ là có 2 trường phổ biến đó là sql với nosql thôi thì à,ok mình có 1 câu hỏi là với cái thiết kế như thế này thì bạn sẽ chọn loại database là gì thì à thì mình nghĩ là có 2 trường phổ biến đó là sql với no sql thôi
seg_0100,7B24A9GfHAo,mình khi mình so sánh trúng thì mình thấy là cái cái database của mình rất là đơn giản này nó 00 có relationship giữa các table thì mình hoàn toàn có thể chọn nosql database ở đây ờ nosql database đây,khi mình so sánh chúng thì mình thấy là cái database của mình rất là đơn giản này nó không có relationship giữa các tables thì mình hoàn toàn có thể chọn no circle database ở đây no circle database này này
seg_0101,7B24A9GfHAo,ừ thì có có rất nhiều công cụ ờ ờ có những kiểu nosql database nổi tiếng thì mình có thể dùng dynamo db của aws thì rất là phổ biến và nó giúp cho mình shard ra nhiều table khác nhau đấy,thì có có rất nhiều công cụ ờ có những kiểu no sql database nổi tiếng thì mình có thể dùng dynamodb của aws thì rất là phổ biến và nó giúp cho mình short ra nhiều table khác nhau
seg_0102,7B24A9GfHAo,ờ trong trường hợp này mình có thể chọn dynamo db nhưng mà cái mình nghĩ là cũng không quan trọng vì có rất nhiều nosql database có thể giải quyết được bài toán này ok ok ờ nếu bạn không có câu hỏi gì đó thì mình sẽ đi đến phần high level design,à thì trong trường hợp này mình có thể chọn dynaodb soc nhưng mà cái mình nghĩ là cũng không quan trọng vì có rất nhiều no super database có thể giải quyết được bài toán này à ok ok à nếu bạn không có câu hỏi gì đó thì mình sẽ đi đến phần high level design
seg_0103,7B24A9GfHAo,à ok high level design thì coi như giả sử ở đây là mình có driver app đi đấy xong mình có 1 cái ờ rider app đi thì 22 tầng này nó sẽ cùng,à ok 2 level đi ra thì coi như giả sử ở đây là mình có driver update này xong à mình có 1 cái rider update thì 2 tầng này nó sẽ cùng
seg_0104,7B24A9GfHAo,đi qua 1 thằng mình sẽ gọi là api gateway thì cái api gateway của mình này nó có làm nhiều nhiệm vụ kiểu như routing này là firewall này etc,đi qua 1 thẳng là mình sẽ gọi là api gateway thì cái api gateway của mình nó có làm nhiều nhiệm vụ kiểu như routing này là file rule này etc
seg_0105,7B24A9GfHAo,load balancing các kiểu đấy thì bên trong cái api gateway của mình này sẽ có backend thì thằng backend đầu tiên thì mình cứ giả sử mình có location,unk load balancing các kiểu đấy thì bên trong cái api gateway của mình này sẽ có backend thì thằng backend đầu tiên thì mình cứ đả sử mình có location
seg_0106,7B24A9GfHAo,service đi đấy cái location service này nó sẽ nhận request từ ờ thằng driver app và cũng nhận request từ thằng passenger app chắc mình,location service đi cái location service này nó sẽ nhận request từ thằng driver up và cũng nhận request từ thằng passenger up
seg_0107,7B24A9GfHAo,đi thẳng qua luôn thằng này thì đây trường hợp nó đi qua api gateway nhá đấy đấy thì trong cái thằng api gateway này mình sẽ có 1 thằng à database,đi thẳng qua con thẳng này giờ đây trường hợp nó đi qua api gateway nhé đấy thì trong cái thằng api gateway này thì mình sẽ có 1 thằng database
seg_0108,7B24A9GfHAo,location db để lưu lại cái vị trí của ờ tài xế này thì thì trong cái bài bài toán đơn giản của mình ấy thì là,location db hả để lưu lại cái vị trí của tài xế ấy hả thì thì trong cái bài bài toán đơn giản của mình ấy thì à
seg_0109,7B24A9GfHAo,ờ thì khi mà tài xế họ ờ trong cái use case thứ nhất thì cái khi tài xế mà sau khi nhận booking xong ấy thì họ sẽ bắt đầu gửi thông tin cái location của họ về ờ location service qua cái api gateway đấy thì cái location,thì khi mà tài xế họ trong cái use case thứ nhất thì cái khi tài xế mà sau khi nhận booking xong thì họ sẽ bắt đầu gửi thông tin cái location của họ về location service qua cái api gateway ấy thì cái
seg_0110,7B24A9GfHAo,service này nó sẽ update vào cái database đấy nó có thể update kiểu ừ đấy nó có thể nó có thể nó có thể dùng cái query kiểu như là à,location service này nó sẽ update vào cái database ấy nó có thể update kiểu ấy nó có thể à nó có thể à nó có thể dùng cái query kiểu như là ờ update
seg_0111,7B24A9GfHAo,update location đúng không ờ set longitude đấy đúng không something,date location đúng không set long eq thế nhớ ấy là tự nhiên put vào something rồi
seg_0112,7B24A9GfHAo,bạn nghĩ cái cái location driver app này sẽ khoảng bao lâu update vào vào location db mình ờ ờ đúng rồi mình nghĩ là họ sẽ update liên tục và và,bạn nghĩ cái cái location driver app này sẽ khoảng bao lâu update vào vào location đi bùn được mình à à đúng rồi mình nghĩ là họ sẽ update a liên tục và vâng
seg_0113,7B24A9GfHAo,mình mình nghĩ là họ sẽ phải update liên tục bởi vì cái bài toán của mình đây là bài toán real time application đấy thì nếu mà cái database bình thường ấy thì nó sẽ không thể chịu đựng được thì dẫn đến thì mình chắc là,mình nghĩ là họ sẽ phải update liên tục bởi vì cái bài toán của mình đây là bài toán real time application đấy thì nếu mà cái database bình thường thì nó sẽ không thể chịu đựng được thì dẫn đến thì mình chắc là
seg_0000,paid_meeting_test_0001,chào 2 bạn mình bắt đầu họp luôn nhé hôm nay cần chốt hướng tái cấu trúc nền tảng dữ liệu,chào 2 bạn mình bắt đầu họp luôn nhé hôm nay cần chốt hướng tái cấu trúc nền tảng dữ liệu
seg_0001,paid_meeting_test_0001,dạ vâng anh em cũng chuẩn bị sẵn phần đánh giá hiện trạng current state rồi ạ,dạ vâng anh em cũng chuẩn bị sẵn phần đánh giá hiện trạng rồi ạ
seg_0002,paid_meeting_test_0001,dạ em cũng có vài mối lo về mấy report đang chạy hằng ngày muốn nêu ra,dạ em cũng có vài mối lo về mấy report đang chạy hàng ngày muốn nêu ra
seg_0003,paid_meeting_test_0001,ừ hệ thống hiện tại đang quá tải mình có 2 phương án kiến trúc 1 là chuyển hẳn sang data lakehouse mới 2 là vá dần hệ thống cũ,ừ hệ thống hiện tại đang quá tải mình có 2 phương án kiến trúc 1 là chuyển hẳn sang data lakehouse mới 2 là vá dần hệ thống cũ
seg_0004,paid_meeting_test_0001,dạ em nghiêng về phương án đổi hẳn vá thêm nữa em thấy rủi ro tích lũy quá nhiều rồi,dạ em nghiêng về phương án đổi hẳn vá thêm nữa em thấy rủi ro tích lũy quá nhiều rồi
seg_0005,paid_meeting_test_0001,ừ đó cũng là lý do mình họp hôm nay để hoa report chi tiết hiện trạng trước,ừ đó cũng là lý do mình họp hôm nay để hoa report chi tiết hiện trạng trước
seg_0006,paid_meeting_test_0001,dạ hiện tại pipeline chính của mình chạy trên hệ thống batch cũ etl chạy mỗi đêm từ các source database qua staging rồi đổ vào data warehouse,dạ hiện tại pipeline chính của mình chạy trên hệ thống batch cũ detail chạy mỗi đêm từ các source database qua staging rồi đổ vào data warehouse
seg_0007,paid_meeting_test_0001,ừ,ừ
seg_0008,paid_meeting_test_0001,vấn đề là latency quá cao report sáng hôm sau mới có dữ liệu hôm trước mà nhiều team giờ cần gần real-time,vấn đề là latency quá cao report sáng hôm sau mới có dữ liệu hôm trước mà nhiều team giờ cần gần real time
seg_0009,paid_meeting_test_0001,ừ đúng vậy,ừ đúng vậy
seg_0010,paid_meeting_test_0001,ngoài ra bảng fact transactions à không phải nói là bảng fact orders mới đúng cái đó đang bị trùng logic join với bảng dim customer ở 3 chỗ khác nhau,ngoài ra bản fact reductions à không phải nói là bản fact ord mới đúng cái đó đang bị trùng logic choice với bản dim custom ở 3 chỗ khác nhau
seg_0011,paid_meeting_test_0001,ừ chỗ đó lộn xộn thật,ừ chỗ đó lộn xộn thật
seg_0012,paid_meeting_test_0001,dạ rồi còn có mấy pipeline spark job chạy song song không có orchestration rõ ràng airflow dag viết tay từ mấy 5 trước không ai dám sửa vì sợ gãy dependency ngầm,dạ rồi còn có mấy pipeline spark drop chạy song song không có orchestration rõ ràng airflow dead tiếc tay từ mấy 5 trước không ai dám sửa vì sợ gãy dependency ngầm
seg_0013,paid_meeting_test_0001,ừ cái này đúng là nỗi đau lớn nhất,ừ cái này đúng là nỗi đau lớn nhất
seg_0014,paid_meeting_test_0001,dạ em đã từng trải qua 2 lần migrate thất bại rồi lần nào cũng phát sinh dependency mà không ai biết trước cuối cùng phải rollback,dạ em đã từng trải qua 2 lần migrate thất bại rồi lần nào cũng phát sinh dependency mà không ai biết trước cuối cùng phải rollback
seg_0015,paid_meeting_test_0001,ừ,ừ
seg_0016,paid_meeting_test_0001,nên lần này em muốn nhấn mạnh trước khi cutover phải có dependency mapping đầy đủ không thì lại lặp lại kịch bản cũ,nên lần này em muốn nhấn mạnh trước khi cutover phải có dependency mapping đầy đủ không thì lại lặp lại kịch bản cũ
seg_0017,paid_meeting_test_0001,ừ anh đồng ý điểm đó,ừ anh đồng ý điểm đó
seg_0018,paid_meeting_test_0001,dạ thêm nữa là schema hiện tại không có version control mỗi lần đổi cột là các downstream job gãy âm thầm không có alert,dạ thêm nữa là schema hiện tại không có version control mỗi lần đổi cột là các downstream drop giẫy âm thầm không có alert
seg_0019,paid_meeting_test_0001,ừ nghe căng đấy,ừ nghe căng đấy
seg_0020,paid_meeting_test_0001,em đề xuất kiến trúc mới dùng data lakehouse ingest theo dạng streaming qua kafka rồi xử lý bằng spark structured streaming có schema registry để kiểm soát version,em đề xuất kiến trúc mới dùng data leghouse ingest theo dạng streaming qua kafka rồi xử lý bằng spark structure streaming có schema registry để kiểm soát version
seg_0021,paid_meeting_test_0001,ừ cái schema registry nghe hợp lý,cái schema registry nghe hợp lý
seg_0022,paid_meeting_test_0001,dạ ngoài ra mình cũng cần 1 lớp orchestration mới có thể dùng airflow bản mới hoặc chuyển sang dagster để quản lý dependency rõ ràng hơn,dạ ngoài ra mình cũng cần 1 lớp orchestration mới có thể dùng airflow bản mới hoặc chuyển sang dark store để quản lý dependency rõ ràng hơn
seg_0023,paid_meeting_test_0001,ừ phần đó để bàn sau giờ cứ tiếp tục hiện trạng current state đã,ừ phần đó để bàn sau giờ cứ tiếp tục hiện trạng đã
seg_0024,paid_meeting_test_0001,dạ vâng hiện tại số lượng job cron chạy ngầm là khoảng 40 job trong đó có 12 job em không tìm được ai là owner,dạ vâng hiện tại số lượng jobs brown chạy ngầm là khoảng 40 jobs trong đó có 12 jobs em không tìm được ai là owner
seg_0025,paid_meeting_test_0001,ừ 12 job không có owner là con số đáng lo,ừ 12 jobs không có owner là con số đáng lo
seg_0026,paid_meeting_test_0001,dạ đúng vậy mấy job đó khả năng cao đang phục vụ report nào đó bên nghiệp vụ mà tụi em không biết,dạ đúng vậy mấy tróp đó khả năng cao đang phục vụ report nào đó bên nhiệm vụ mà tụi em không biết
seg_0027,paid_meeting_test_0001,chắc trong đó có mấy report của bên em đấy để lát em hỏi rõ hơn,chắc trong đó có mấy report của bên em đấy để lát em hỏi rõ hơn
seg_0028,paid_meeting_test_0001,dạ thêm nữa storage hiện tại dùng chung 1 cluster on-premise không tách theo tier nóng lạnh chi phí lưu trữ ngày càng tăng mà performance không cải thiện,dạ thêm nữa storage hiện tại dùng chung 1 cluster on-premise không tách theo tie nóng lạnh chi phí lưu trữ ngày càng tăng mà performance không cải thiện
seg_0029,paid_meeting_test_0001,ừ,ừ
seg_0030,paid_meeting_test_0001,nên phương án mới em đề xuất tách storage theo tier dữ liệu nóng để trên ssd dữ liệu lạnh đẩy sang object storage rẻ hơn,nên phương án mới em đề xuất tách storage theo tier dữ liệu nóng để trên ssd dữ liệu lạnh đẩy sang object storage rẻ hơn
seg_0031,paid_meeting_test_0001,ừ hợp lý tiết kiệm được chi phí duy trì dài hạn,ừ hợp lý tiết kiệm được chi phí duy trì dài hạn
seg_0032,paid_meeting_test_0001,dạ cuối cùng là phần monitoring hiện tại tụi em gần như không có dashboard theo dõi pipeline health lỗi xảy ra là do người dùng report lên chứ hệ thống không tự cảnh báo,dạ cuối cùng là phần monitoring hiện tại tụi em gần như không có dashboard theo dõi pipeline health lỗi xảy ra là do người dùng report lên chứ hệ thống không tự cảnh báo
seg_0033,paid_meeting_test_0001,ừ cái này quan trọng không thể để bị động như vậy mãi,ừ cái này quan trọng không thể để bị động như vậy mãi
seg_0034,paid_meeting_test_0001,xin lỗi ngắt lời anh cho em hỏi luôn mấy report hằng ngày bên em đang lấy dữ liệu từ nguồn nào trong toàn bộ pipeline này ạ,xin luôn ngắt lời anh cho em hỏi luôn mấy report hằng ngày bên em đang lấy dữ liệu từ nguồn nào trong toàn bộ pipeline này ạ
seg_0035,paid_meeting_test_0001,dạ hầu hết report hằng ngày của bên em đang query trực tiếp vào data warehouse cũ qua mấy view tổng hợp từ fact orders,dạ hầu hết report hằng ngày của bên em đang query trực tiếp vào data warehouse cũ qua mấy view tổng hợp từ fake orders
seg_0036,paid_meeting_test_0001,ừ để mình mở luôn phần hỏi đáp từ đây nam cứ hỏi tiếp,ừ để mình mở luôn phần hỏi đáp từ đây nam cứ hỏi tiếp
seg_0037,paid_meeting_test_0001,dạ vậy nếu mình đổi warehouse thì toàn bộ view đó sẽ phải viết lại đúng không anh,dạ vậy nếu mình đổi warehouse thì toàn bộ view đó sẽ phải viết lại đúng không anh
seg_0038,paid_meeting_test_0001,đúng vậy và không chỉ view mấy con dashboard bi cũng phải trỏ lại nguồn mới,đúng vậy và không chỉ view mấy con dashboard bi cũng phải trở lại nguồn mới
seg_0039,paid_meeting_test_0001,cụ thể là có bao nhiêu report sẽ bị ảnh hưởng khi đổi nguồn vậy,cụ thể là có bao nhiêu report sẽ bị ảnh hưởng khi đổi nguồn vậy
seg_0040,paid_meeting_test_0001,dạ em chưa có con số chính xác nhưng ước tính sơ bộ khoảng 60 đến 70 report đang phụ thuộc trực tiếp vào mấy view đó,dạ em chưa có con số chính xác nhưng ước tính sơ bộ khoảng 60 đến 70 report đang phụ thuộc trực tiếp vào mấy view đó
seg_0041,paid_meeting_test_0001,ơ 60 đến 70 report luôn á vậy nhiều report bên em dùng hằng ngày cũng nằm trong đó chứ,ơ 60 70 report luôn á vậy nhiều report bên em dùng hằng ngày cũng nằm trong đó chứ
seg_0042,paid_meeting_test_0001,dạ khả năng cao là vậy vì hầu như mọi report tài chính với vận hành đều join qua fact orders,dạ khả năng cao là vậy vì hầu như mọi report tài chính với vận hành đều join qua fax order
seg_0043,paid_meeting_test_0001,ừ đây đúng là điểm mình cần làm rõ trước khi quyết định decision kiến trúc,ừ đấy đúng là điểm mình cần làm rõ trước khi quyết định kiến trúc
seg_0044,paid_meeting_test_0001,dạ anh cho em hỏi lại cho chắc có phải toàn bộ 60 đến 70 report đó đều bắt buộc phải sửa lại query không hay chỉ 1 phần thôi,dạ anh cho em hỏi lại cho chắc có phải toàn bộ 60 đến 70 report đó đều bắt buộc phải sửa lại query không hay chỉ 1 phần thôi
seg_0045,paid_meeting_test_0001,dạ chắc phần lớn phải sửa vì schema mới sẽ khác cấu trúc không thể giữ nguyên query cũ được,dạ chắc phần lớn phải sửa vì schema mới sẽ khác cấu trúc không thể giữ nguyên query cũ được
seg_0046,paid_meeting_test_0001,vậy team em phải chuẩn bị tinh thần rewrite gần như toàn bộ report rồi,vậy team em phải chuẩn bị tinh thần rewrite gần như toàn bộ report rồi
seg_0047,paid_meeting_test_0001,dạ đúng nhưng bù lại sau này performance sẽ tốt hơn nhiều latency giảm đáng kể,dạ đúng nhưng bù lại sau này performance sẽ tốt hơn nhiều latency giảm đáng kể
seg_0048,paid_meeting_test_0001,hoa có thể lập được danh mục phụ thuộc đầy đủ không để mình biết chính xác cần làm bao nhiêu việc,hoa có thể lập được danh mục phụ thuộc đầy đủ không để mình biết chính xác cần làm bao nhiêu việc
seg_0049,paid_meeting_test_0001,dạ em nghĩ lập được nhưng sẽ tốn khá nhiều thời gian vì phải trace từng job từng view 1,dạ em nghĩ lập được nhưng sẽ tốn khá nhiều thời gian vì phải trace từng drop từng view 1
seg_0050,paid_meeting_test_0001,dạ bên em có thể hỗ trợ liệt kê report nào đang chạy để 2 bên đối chiếu nhanh hơn,dạ bên em có thể hỗ trợ liệt kê report nào đang chạy để 2 bên đổi chiều nhanh hơn
seg_0051,paid_meeting_test_0001,ừ vậy tốt quá có danh sách report của nam thì em trace ngược lại nguồn sẽ nhanh hơn nhiều,ừ vậy tốt quá có danh sách report của nam thì em trace ngược lại nguồn sẽ nhanh hơn nhiều
seg_0052,paid_meeting_test_0001,ừ vậy 2 bạn phối hợp lập danh mục phụ thuộc dependency này càng sớm càng tốt,ừ vậy 2 bạn phối hợp lập danh mục phụ thuộc dependency này càng sớm càng tốt
seg_0053,paid_meeting_test_0001,dạ vâng ạ,dạ vâng ạ
seg_0054,paid_meeting_test_0001,dạ em sẽ bắt đầu trace từ mấy report tài chính trước vì đó là nhóm quan trọng nhất,dạ em sẽ bắt đầu trace từ mấy report tài chính trước vì đó là nhóm quan trọng nhất
seg_0055,paid_meeting_test_0001,dạ đúng rồi report tài chính với report vận hành kho là 2 nhóm không được phép sai số,dạ đúng rồi report tài chính với report vận hành kho là 2 nhóm không được phép sai số
seg_0056,paid_meeting_test_0001,ừ ghi nhận giờ mình chuyển qua phần so sánh 2 phương án kiến trúc architecture nhé,ừ ghi nhận giờ mình chuyển qua phần so sánh 2 phương án kiến trúc architecture nhé
seg_0057,paid_meeting_test_0001,dạ em vẫn nghiêng về dứt điểm vá dần chỉ khiến nợ kỹ thuật chồng thêm nợ kỹ thuật,dạ em vẫn nghiêng về dứt điểm vá dần chỉ khiến nợ kỹ thuật trồng thêm nợ kỹ thuật
seg_0058,paid_meeting_test_0001,nhưng dứt điểm trong 6 tháng liệu có kịp không hay lại làm gấp rồi gãy report giữa chừng,nhưng dứt điểm trong 6 tháng liệu có kịp không hay lại làm gấp rồi gãy report giữa chừng
seg_0059,paid_meeting_test_0001,dạ 6 tháng là con số em ước tính dựa trên khối lượng nhưng rủi ro lớn nhất vẫn là mấy dependency ngầm chưa lập hết,dạ 6 tháng là con số em ước tính dựa trên khối lượng nhưng rủi ro lớn nhất vẫn là mấy dependency ngầm chưa lập hết
seg_0060,paid_meeting_test_0001,ừ đó chính xác là lo ngại của anh,ừ đó chính xác là lo ngại của anh
seg_0061,paid_meeting_test_0001,dạ còn về chi phí thì sao giữa 2 phương án bên nào tốn hơn,dạ còn về chi phí thì sao giữa 2 phương án bên nào tốn hơn
seg_0062,paid_meeting_test_0001,dạ nếu vá dần thì chi phí duy trì tăng dần mỗi 5 vì mình vừa nuôi hệ thống cũ vừa build thêm patch còn nếu dứt điểm thì chi phí dồn vào giai đoạn phase đầu nhưng giảm mạnh sau đó,dạ nếu vá dần thì chi phí duy trì tăng dần mỗi 5 vì mình vừa nuôi hệ thống cũ vừa build thêm patch còn nếu dứt điểm thì chi phí dồn vào giai đoạn đầu nhưng giảm mạnh sau đó
seg_0063,paid_meeting_test_0001,ừ anh hay hỏi câu này 35 tới chi phí duy trì mỗi phương án là bao nhiêu có ước tính chưa,anh hay hỏi câu này 35 tới chi phí duy trì mỗi phương án là bao nhiêu có ước tính chưa
seg_0064,paid_meeting_test_0001,dạ em ước sơ bộ nếu giữ song song 15 rồi mới cutover thì chi phí hạ tầng tăng thêm khoảng 30 trong 5 đó,dạ em ước sơ bộ nếu giữ song song 15 rồi mới cutover thì chi phí hạ tầng tăng thêm khoảng 30 trong 5 đó
seg_0065,paid_meeting_test_0001,ừ 30 không nhỏ,ừ 30 phần 0 nhỏ
seg_0066,paid_meeting_test_0001,nhưng nếu cutover dứt điểm mà chưa lập hết dependency thì report bên em có nguy cơ đứt giữa chừng cái đó ai chịu trách nhiệm,nhưng nếu cutover dứt điểm mà chưa lập hết dependency thì report bên em có nguy cơ đứt giữa chừng cái đó ai chịu trách nhiệm
seg_0067,paid_meeting_test_0001,đó là lý do em muốn có giai đoạn dependency mapping trước không cutover khi chưa xong bước đó,đó là lý do em muốn có giai đoạn dependency mapping trước không click over khi chưa xong bước đó
seg_0068,paid_meeting_test_0001,ừ anh cũng thấy 2 phương án đều có rủi ro riêng không cái nào an toàn tuyệt đối,ừ anh cũng thấy 2 phương án đều có rủi ro riêng không cái nào an toàn tuyệt đối
seg_0069,paid_meeting_test_0001,dạ em chỉ mong bất kỳ phương án nào cũng phải cam kết report nghiệp vụ không bị gián đoạn,dạ em chỉ mong bất kỳ phương án nào cũng phải cam kết report nghiệp vụ không bị gián đoạn
seg_0070,paid_meeting_test_0001,dạ cái đó hợp lý nhưng cam kết tuyệt đối zero downtime thì khó em chỉ dám cam kết giảm thiểu tối đa,dạ cái đó hợp lý nhưng cam kết tuyệt đối zero downtime thì khó em chỉ dám cam kết giảm thiểu tối đa
seg_0071,paid_meeting_test_0001,ừ mình cần cân bằng giữa tốc độ mở rộng và rủi ro gián đoạn,ừ mình cần cân bằng giữa tốc độ mở rộng và rủi ro gián đoạn
seg_0072,paid_meeting_test_0001,dạ còn về khả năng mở rộng thì lakehouse mới có tốt hơn hẳn không,dạ còn về khả năng mở rộng thì leghout mới có tốt hơn hẳn không
seg_0073,paid_meeting_test_0001,dạ có lakehouse hỗ trợ scale horizontal dễ hơn nhiều thêm compute node là xử lý được khối lượng lớn hơn ngay còn hệ thống cũ gần như đã chạm giới hạn phần cứng,dạ có leg house hỗ trợ scale horizontal dễ hơn nhiều thêm compute node là xử lý được khối lượng lớn hơn ngay còn hệ thống cũ gần như đã chạm giới hạn phần cứng
seg_0074,paid_meeting_test_0001,ừ đúng hệ thống cũ giờ mỗi lần scale là phải mua thêm server vật lý chậm với tốn kém,ừ đúng hệ thống cũ giờ mỗi lần scale là phải mua thêm server vật lý chậm với tốn kém
seg_0075,paid_meeting_test_0001,dạ vậy về lâu dài lakehouse vẫn lợi hơn chỉ là em lo giai đoạn chuyển tiếp thôi,dạ vậy vì lâu dài leghow vẫn lợi hơn chỉ là em lo giai đoạn chuyển tiếp thôi
seg_0076,paid_meeting_test_0001,dạ em cũng lo y như vậy vì 2 lần trước em đều thất bại ở đúng giai đoạn phase chuyển tiếp,dạ em cũng lo y như vậy vì 2 lần trước em đều thất bại ở đúng giai đoạn chuyển tiếp
seg_0077,paid_meeting_test_0001,ừ nên lần này mình phải làm kỹ hơn ở giai đoạn phase đó không được vội,ừ nên lần này mình phải làm kỹ hơn ở giai đoạn đó không được vội
seg_0078,paid_meeting_test_0001,dạ em đồng ý là kiến trúc architecture mới tốt hơn chỉ là cách chuyển sang đó phải chắc chắn,dạ em đồng ý là kiến trúc mới tốt hơn chỉ là cách chuyển sang đó phải chắc chắn
seg_0079,paid_meeting_test_0001,dạ đúng vậy 1 khi sai ở bước migrate thì rollback cũng không đơn giản dữ liệu có thể không đồng bộ giữa 2 bên,dạ đúng vậy 1 khi sai ở bước migrate thì rollback cũng không đơn giản dữ liệu có thể không đồng bộ giữa 2 bên
seg_0080,paid_meeting_test_0001,ừ đó cũng là điều anh và hoa cần thống nhất kỹ ở phần tiếp theo rồi anh đề xuất thế này mình di trú dứt điểm trong 6 tháng xong là tắt hẳn hệ thống cũ không kéo dài song song,ừ đó cũng là điều anh và hoa cần thống nhất kỹ ở phần tiếp theo rồi anh đề xuất như này mình di trú dứt điểm trong 6 tháng xong là tắt hẳn hệ thống cũ không kéo dài song song
seg_0081,paid_meeting_test_0001,khoan đã anh tắt hẳn trong 6 tháng là quá rủi ro em không đồng ý,khoan đã anh tắt hẳn trong 6 tháng là quá rủi ro em không đồng ý
seg_0082,paid_meeting_test_0001,ừ sao vậy em nói rõ hơn xem,sao vậy em nói rõ hơn xem
seg_0083,paid_meeting_test_0001,dạ 6 tháng không đủ thời gian để lập hết dependency mapping chưa kể phải test song song từng report 1 làm dứt điểm là đặt cược quá lớn,dạ 6 tháng không đủ thời gian để lập hết dependency mapping chưa kể phải test song song từng report 1 làm dứt điểm là đặt cửa quá lớn
seg_0084,paid_meeting_test_0001,ừ nhưng nếu kéo dài song song thì chi phí đội lên với nợ kỹ thuật vẫn tiếp tục sinh ra,ừ nhưng nếu kéo dài song song thì chi phí đội lên với nợ kỹ thuận vẫn tiếp tục sinh ra
seg_0085,paid_meeting_test_0001,em đề nghị mình di trú từng phần giữ hệ thống cũ song song trong 15 chuyển từng nhóm report 1 an toàn hơn nhiều,em đề nghị mình di trú từng phần giữ hệ thống cũ song song trong 15 chuyển từng nhóm report 1 an toàn hơn nhiều
seg_0086,paid_meeting_test_0001,ừ nhưng giữ song song 15 nghĩa là chi phí duy trì tăng suốt 5 đó anh không chắc ban giám đốc chấp nhận,nhưng giữ song song 15 nghĩa là chi phí duy trì tăng suốt 5 đó anh không chắc ban giám đốc chấp nhận
seg_0087,paid_meeting_test_0001,dạ em hiểu nhưng nếu ép dứt điểm 6 tháng mà gãy dependency ngầm thì hậu quả còn tốn kém hơn nhiều chưa kể mất lòng tin của mấy team nghiệp vụ,dạ em hiểu nhưng nếu ép dứt điểm 6 tháng mà gãy dependency ngầm thì hậu quả còn tốn kém hơn nhiều chưa kể mức lòng tin của mấy team nghiệp vụ
seg_0088,paid_meeting_test_0001,ừ anh cũng không muốn lặp lại migrate thất bại như 2 lần trước của em,ừ anh cũng không muốn lặp lại migrate thất bại như 2 lần trước của em
seg_0089,paid_meeting_test_0001,dạ đúng đó chính là điều em lo nhất mỗi lần thất bại là mất mấy tháng dọn dẹp hậu quả,dạ đúng đó chính là điều em lo nhất mỗi lần thất bại là mất mấy tháng dọn dẹp hậu quả
seg_0090,paid_meeting_test_0001,dạ cho em xen vào 1 chút dù chọn phương án nào thì report bên em cũng không thể chấp nhận mất dữ liệu,dạ cho em xen vào 1 chút dù chọn phương án nào thì report bên em cũng không thể chấp nhận mất dữ liệu
seg_0091,paid_meeting_test_0001,ừ đúng đó là điều kiện bắt buộc dù chọn hướng nào,ừ đúng đó là điều kiện bắt buộc dù chọn hướng nào
seg_0092,paid_meeting_test_0001,dạ em đồng ý an toàn dữ liệu phải đặt trên tốc độ,dạ em đồng ý an toàn dữ liệu phải đặt trên tốc độ
seg_0093,paid_meeting_test_0001,ừ vậy anh hỏi thẳng nếu rút ngắn từ 15 xuống ví dụ 9 tháng song song em có tự tin đảm bảo an toàn hơn không,ừ vậy anh hỏi thẳng nếu rút nắng từ 15 xuống ví dụ 9 tháng song song em có tự tin đảm bảo an toàn hơn không
seg_0094,paid_meeting_test_0001,dạ 9 tháng thì đỡ áp lực hơn 6 tháng nhiều nhưng em vẫn cần điều kiện là phải lập xong dependency mapping trước khi tính đến mốc tắt hệ thống cũ,dạ 9 tháng thì đỡ áp lực hơn 6 tháng nhiều nhưng em vẫn cần điều kiện là phải lập xong dependency mapping trước khi tính đến mốc tắt hệ thống cũ
seg_0095,paid_meeting_test_0001,ừ vậy điều kiện tiên quyết là dependency mapping xong trước đúng không,ừ vậy điều kiện tiên quyết là dependency mapping xong trước đúng không
seg_0096,paid_meeting_test_0001,dạ đúng nếu chưa lập xong thì không nên đặt mốc tắt cứng vì mình sẽ không biết mình đang tắt cái gì,dạ đúng nếu chưa lập xong thì không nên đặt móc tắt cứng vì mình sẽ không biết mình đang tắt cái gì
seg_0097,paid_meeting_test_0001,ừ anh hiểu rồi đây là điểm quan trọng cần chốt,ừ anh hiểu rồi đây là điểm quan trọng cần chốt
seg_0098,paid_meeting_test_0001,dạ em cũng không phản đối di trú dứt điểm về nguyên tắc chỉ là em cần điều kiện an toàn đi kèm,dạ em cũng không phản đối di trú dứt điểm về nguyên tắc chỉ là em cần điều kiện an toàn đi kèm
seg_0099,paid_meeting_test_0001,ừ vậy 2 bên không hẳn bất đồng hoàn toàn chỉ khác nhau ở điều kiện thực hiện thôi,ừ vậy 2 bên không hẳn bất đồng hoàn toàn chỉ khác nhau ở điều kiện thực hiện thôi
seg_0100,paid_meeting_test_0001,dạ đúng vậy,dạ đúng rồi ạ
seg_0101,paid_meeting_test_0001,dạ em thấy vậy hợp lý hơn miễn có điều kiện rõ ràng để bảo vệ report nghiệp vụ,dạ em thấy vậy hợp lý hơn mình có điều kiện rõ ràng để bảo vệ report nghiệp vụ
seg_0102,paid_meeting_test_0001,ừ để mình bàn tiếp phần rủi ro trước khi chốt phương án cuối,ừ để mình bàn tiếp phần rủi ro trước khi chốt phương án cuối
seg_0103,paid_meeting_test_0001,khoan cho em nói trước khi qua phần rủi ro dù ở giai đoạn nào của di trú người dùng nghiệp vụ cũng không được mất report đây là điều kiện cứng của em,khoan chị em nói trước khi qua phần rủi ro dù ở giai đoạn nào của di trú người dùng nghiệp vụ cũng không được mất report đây là điều kiện cứng của em
seg_0104,paid_meeting_test_0001,dạ em ghi nhận đó cũng là lý do em muốn nói kỹ phần rủi ro ngay bây giờ,dạ em ghi nhận đó cũng là lý do em muốn nói kỹ phần rủi ro ngay bây giờ
seg_0105,paid_meeting_test_0001,dạ em nghe,dạ em nghe
seg_0106,paid_meeting_test_0001,dạ rủi ro lớn nhất là dependency ngầm chưa được phát hiện có thể có job nào đó đang đọc từ bảng cũ mà không ai biết tắt bảng đó là report gãy ngay lập tức,dạ rủi ro lớn nhất là dependency ngầm chưa được phát hiện có thể có chót nào đó đang đọc từ bản cũ mà không ai biết tắt bản đó là report gãy ngay lập tức
seg_0107,paid_meeting_test_0001,ừ đây đúng là điều làm anh mất ngủ nhất trong dự án này,ừ đây đúng là điều làm anh mất ngủ nhất trong dự án này
seg_0108,paid_meeting_test_0001,dạ ngoài ra còn rủi ro mất dữ liệu trong lúc chuyển đổi nếu đồng bộ 2 chiều không kỹ dữ liệu ở 2 bên có thể lệch nhau,dạ ngoài ra còn rủi ro mất dữ liệu trong lúc chuyển đổi nếu đồng bộ 2 chiều không kỹ dữ liệu ở 2 bên có thể lệch nhau
seg_0109,paid_meeting_test_0001,dạ lệch dữ liệu thì report tài chính bên em sẽ sai số ngay cái đó tuyệt đối không được phép,dạ lệch dữ liệu thì report tài chính bên em sẽ sai số ngay cái đó tuyệt đối không được phép
seg_0110,paid_meeting_test_0001,dạ em đồng ý nên trong lúc song song mình cần có cơ chế reconciliation so sánh số liệu 2 bên hằng ngày,dạ em đồng ý nên trong lúc song song mình cần có cơ chế reconciliation so sánh số liệu 2 bên hằng ngày
seg_0111,paid_meeting_test_0001,ừ cái reconciliation này nên tự động hóa không thể check tay được,ừ cái reconciliation này nên tự động hóa không thể trách tay được
seg_0112,paid_meeting_test_0001,dạ đúng em sẽ viết job so sánh checksum giữa 2 nguồn có sai lệch là alert ngay,dạ đúng em sẽ viết drop so sánh check sum giữa 2 nguồn có sai lệch là alert ngay
seg_0113,paid_meeting_test_0001,dạ vậy nếu phát hiện lệch thì mình xử lý thế nào có rollback được không,dạ vậy nếu phát hiện lệch thì mình xử lý thế nào có rule bắt được không
seg_0114,paid_meeting_test_0001,dạ trong giai đoạn song song thì rollback dễ vì hệ thống cũ vẫn còn nhưng sau khi cutover hẳn thì rollback sẽ rất khó,dạ trong giai đoạn song song thì rollback dễ vì hệ thống cũ vẫn còn nhưng sau khi kếtover hẳn thì rollback sẽ rất khó
seg_0115,paid_meeting_test_0001,ừ đây chính là lý do anh đồng ý điều kiện dependency mapping xong mới tắt hệ thống cũ,ừ đây chính là lý do anh đồng ý điều kiện dependency mapping xong mới tắt hệ thống cũ
seg_0116,paid_meeting_test_0001,dạ em cũng đề nghị mình chưa nên tắt hoàn toàn ngay nên giữ backup read-only của hệ thống cũ thêm 1 thời gian sau cutover,dạ em cũng đề nghị mình chưa nên tắt hoàn toàn ngay nên giữ backup bridge only của hệ thống cũ thêm 1 thời gian sau cutover
seg_0117,paid_meeting_test_0001,ừ hợp lý phòng khi có report nào phát sinh mà mình chưa lường trước,ừ hợp lý phòng thi có report nào phát sinh mà mình chưa lường trước
seg_0118,paid_meeting_test_0001,dạ em thấy an tâm hơn nếu có bước backup read-only đó,dạ em thấy an tâm hơn nếu có bước backup bridge only đó
seg_0119,paid_meeting_test_0001,dạ còn 1 rủi ro nữa là về nhân sự nếu chỉ 1 mình em nắm hết kiến trúc mới thì bus factor quá thấp ai nghỉ là dự án đứng lại,dạ còn 1 rủi ro nữa là về nhân sự nếu chỉ 1 mình em nắm hết kiến trúc mới thì bus factor quá thấp ai nghĩ là dự án đứng lại
seg_0120,paid_meeting_test_0001,ừ cái đó anh cũng lo phải có ít nhất 1 người nữa nắm được toàn bộ kiến trúc architecture,cái đó anh cũng lo phải có ít nhất 1 người nữa nắm được toàn bộ kiến trúc
seg_0121,paid_meeting_test_0001,dạ em sẽ document lại kỹ càng với training thêm cho 1 bạn engineer khác,dạ em sẽ document lại kỹ càng với training thêm cho 1 bạn engineer khác
seg_0122,paid_meeting_test_0001,ừ tốt giờ mình tổng hợp lại rủi ro để chuẩn bị chốt phương án,ừ tốt giờ mình tổng hợp lại rủi ro để chuẩn bị chốt phương án
seg_0123,paid_meeting_test_0001,rồi để anh tóm tắt lại trước khi chốt mình có 2 phương án dứt điểm 6 tháng rủi ro cao hoặc song song 15 chi phí cao và hoa đề xuất 9 tháng kèm điều kiện dependency mapping xong trước khi tắt hệ thống cũ,rồi để anh tóm tắt lại trước khi chốt mình có 2 phương án dứt điểm 6 tháng rủi ro cao hoặc song song 15 chi phí cao và hoa đề xuất 9 tháng kèm điều kiện dependency mapping xong trước khi tắt hệ thống cũ
seg_0124,paid_meeting_test_0001,dạ đúng vậy ạ,dạ đúng vậy
seg_0125,paid_meeting_test_0001,dạ và điều kiện của em là report nghiệp vụ không được gián đoạn ở bất kỳ giai đoạn nào,dạ và điều kiện của em là report nhiệm vụ không được gián đoạn ở bất kỳ giai đoạn nào
seg_0126,paid_meeting_test_0001,ừ đúng anh ghi nhận đầy đủ cho anh vài giây suy nghĩ đã,đúng anh ghi nhận đầy đủ cho anh vài giây suy nghĩ đã
seg_0127,paid_meeting_test_0001,dạ em chờ anh ạ,dạ em chờ anh ạ
seg_0128,paid_meeting_test_0001,rồi anh chốt thế này mình chọn kiến trúc lakehouse mới di trú theo 3 giai đoạn có mốc tắt hệ thống cũ nhưng gắn điều kiện dependency mapping phải hoàn tất trước,rồi anh chốt thế này mình chọn kiến trúc lakehouse mới di trú theo 3 giai đoạn có mốc tắt hệ thống cũ nhưng gắn điều kiện dependency mapping phải hoàn tất trước
seg_0129,paid_meeting_test_0001,dạ em đồng ý với hướng này ạ,dạ em đồng ý với hướng này ạ
seg_0130,paid_meeting_test_0001,dạ em cũng đồng ý miễn giữ đúng điều kiện an toàn report như đã bàn,dạ em cũng đồng ý miễn giữ đúng điều kiện an toàn report như đã bàn
seg_0131,paid_meeting_test_0001,ừ tốt vậy giai đoạn 1 là dependency mapping và reconciliation giai đoạn 2 là di trú song song có kiểm tra chéo giai đoạn 3 là cutover và giữ backup read-only,ừ tốt vậy giai đoạn 1 là dependency mapping và reconciliation giai đoạn 2 là di chú song song có kiểm tra chéo giai đoạn 3 là cutover và giữ backup read only
seg_0132,paid_meeting_test_0001,dạ đúng như vậy em sẽ bắt đầu giai đoạn phase 1 ngay,dạ đúng như vậy em sẽ bắt đầu gia đại 1 ngay
seg_0133,paid_meeting_test_0001,dạ em cũng sẽ phối hợp liệt kê report ngay từ giai đoạn 1,dạ em cũng sẽ phối hợp liệt kê report ngay từ giai đoạn 1
seg_0134,paid_meeting_test_0001,ừ tốt cả 3 mình đồng thuận với lộ trình này nhé ai có ý kiến khác không,ừ tốt cả 3 mình đồng thuận với lộ trình này nhé ai có ý kiến khác không
seg_0135,paid_meeting_test_0001,không ạ em ok,không ạ em ok
seg_0136,paid_meeting_test_0001,dạ em cũng ok với lộ trình này ạ,dạ em cũng ok với lộ trình này ạ
seg_0137,paid_meeting_test_0001,tốt vậy mình chốt phương án 3 giai đoạn phase cho toàn bộ dự án tái cấu trúc,tốt vậy mình chốt phương án 3 giai đoạn cho toàn bộ dự án tay cấu trúc
seg_0138,paid_meeting_test_0001,dạ em sẽ ước tính lại timeline chi tiết cho từng giai đoạn,dạ em sẽ ước tính lại timeline chi tiết cho từng giai đoạn
seg_0139,paid_meeting_test_0001,ừ mốc tắt hệ thống cũ chỉ được thực hiện khi dependency mapping đạt 100 không có ngoại lệ,ừ mốc tắt hệ thống cũ chỉ được thực hiện khi dependency mapping đạt 100 không có ngoại lệ
seg_0140,paid_meeting_test_0001,dạ em cam kết tuân thủ điều kiện đó,dạ em cam kết tuân thủ điều kiện đó
seg_0141,paid_meeting_test_0001,dạ em cũng sẽ theo dõi sát tiến độ để đảm bảo report của bên em không bị ảnh hưởng,dạ em cũng sẽ theo dõi sát tiến độ để đảm bảo report của bên em không bị ảnh hưởng
seg_0142,paid_meeting_test_0001,rồi giờ mình phân công cụ thể hoa phụ trách lập danh mục phụ thuộc đầy đủ và cơ chế reconciliation,rồi giờ mình phân công cụ thể hoa phụ trách lập danh mục phụ thuộc đầy đủ và cơ chế reconciliation
seg_0143,paid_meeting_test_0001,dạ vâng em sẽ bắt đầu ngay tuần sau,dạ vâng em sẽ bắt đầu ngay tuần sau
seg_0144,paid_meeting_test_0001,nam phụ trách lập kế hoạch kiểm thử report cùng với lịch thông báo cho các nhóm nghiệp vụ,nam phụ trách lập kế hoạch kiểm thử report cùng với lịch thông báo cho các nhóm nghiệp vụ
seg_0145,paid_meeting_test_0001,dạ vâng em sẽ soạn kế hoạch kiểm thử với lịch thông báo chi tiết cho từng team,dạ vâng em sẽ soạn kế hoạch kiểm thử với lịch thông báo chi tiết thực thùng team
seg_0146,paid_meeting_test_0001,ừ nhớ gửi lịch thông báo sớm để các team nghiệp vụ có thời gian chuẩn bị,ừ nhớ gửi lịch thông báo sớm để các team nghiệp vụ có thời gian chuẩn bị
seg_0147,paid_meeting_test_0001,dạ em sẽ gửi lịch thông báo trong tuần này luôn ạ,dạ em sẽ gửi lịch thông báo trong tuần này luôn ạ
seg_0148,paid_meeting_test_0001,dạ em cũng sẽ đồng bộ tiến độ dependency mapping với lịch thông báo của nam để khớp nhau,dạ em cũng sẽ đồng bộ tiến độ dependency mapping với lịch thông báo của nam để khớp nhau
seg_0149,paid_meeting_test_0001,ừ tốt 2 bạn phối hợp chặt với nhau nhé,ừ tốt 2 bạn phối hợp chặt với nhau nhé
seg_0150,paid_meeting_test_0001,dạ vâng ạ,dạ vâng ạ
seg_0151,paid_meeting_test_0001,anh sẽ report tiến độ này cho ban giám đốc kèm điều kiện tắt hệ thống cũ như đã thống nhất,anh sẽ report tiến độ này cho ban giám đốc kèm điều kiện tắt hệ thống cũ như đã thống nhất
seg_0152,paid_meeting_test_0001,dạ vâng ạ,dạ vâng ạ
seg_0153,paid_meeting_test_0001,để anh nhắc lại lần cuối điều kiện bắt buộc trước khi bước sang giai đoạn tiếp theo là dependency mapping phải hoàn tất và reconciliation chạy ổn định,để anh nhắc lại lần cuối điều kiện bắt buộc trước khi bước sang giai đoạn tiếp theo là dependency mapping phải hoàn tất và reconciliation chạy ổn định
seg_0154,paid_meeting_test_0001,dạ em ghi nhớ điều kiện đó,dạ em ghi nhớ điều kiện đó
seg_0155,paid_meeting_test_0001,dạ em cũng ghi nhớ report nghiệp vụ phải được kiểm thử đầy đủ trước khi chuyển giai đoạn,dạ em cũng ghi nhớ report nhiệm vụ phải được kiểm thử đầy đủ trước khi chuyển giai đoạn
seg_0156,paid_meeting_test_0001,ừ tốt cảm ơn 2 bạn đã dành thời gian hôm nay,ừ tốt cảm ơn 2 bạn đã dành thời gian hôm nay
seg_0157,paid_meeting_test_0001,dạ em cảm ơn anh hẹn gặp lại ở buổi cập nhật tuần sau,dạ em cảm ơn anh hẹn gặp lại ở buổi cập nhật tuần sau
seg_0158,paid_meeting_test_0001,dạ em cũng cảm ơn anh em chào anh chào hoa,dạ em cũng cảm ơn anh em chào anh chào hoa
seg_0159,paid_meeting_test_0001,em chào anh chào nam,em chào anh chào nam
seg_0160,paid_meeting_test_0001,ừ cảm ơn cả 2 chúc buổi chiều làm việc hiệu quả,ừ cảm ơn cả 2 chúc buổi chiều làm việc hiệu quả
seg_0000,paid_meeting_test_0002,chào 2 bạn mình vào việc luôn nhé tuần trước hệ thống phát hiện 0 lệ từ chối vay giữa các nhóm khách hàng đang chênh lệch gap bất thường,chào 2 bạn mình vào việc luôn nhé tuần trước hệ thống phát hiện 0 lệ từ chối vay giữa các nhóm khách hàng đang chênh lệch gap bất thường
seg_0001,paid_meeting_test_0002,dạ vâng anh em cũng đã chuẩn bị sẵn phần phân tích model rồi ạ,dạ vâng anh em cũng đã chuẩn bị sẵn phần phân tích model rồi ạ
seg_0002,paid_meeting_test_0002,dạ bên em cũng đang theo dõi sát vụ này vì liên quan tới nghĩa vụ giải trình với cơ quan quản lý,dạ bên em cũng đang theo dõi sát vụ này vì liên quan tới nghĩa vụ giải trình với cơ quan quản lý
seg_0003,paid_meeting_test_0002,ừ đúng vậy hôm nay mình cần làm rõ chênh lệch này đến từ đâu và quyết định có tạm dừng model hay không,ừ đúng vậy hôm nay mình cần làm rõ chênh lệch này đến từ đâu và quyết định có tạm dừng model hay không
seg_0004,paid_meeting_test_0002,dạ em nghĩ trước khi kết luận vội mình nên xem kỹ cấu trúc model đã,dạ em nghĩ trước khi kết luận vội mình nên xem kỹ cấu trúc model đã
seg_0005,paid_meeting_test_0002,ừ đồng ý để giang trình bày phần kỹ thuật trước,ừ đồng ý để giang trình bày phần kỹ thuật trước
seg_0006,paid_meeting_test_0002,dạ mô hình chấm điểm tín dụng hiện tại là gradient boosting train trên dữ liệu lịch sử 35 dùng khoảng 40 biến đầu vào,dạ mô hình chấm điểm tín dụng hiện tại là gradient boosting chuyên trên dữ liệu lịch sử 35 dùng khoảng 40 biến đầu vào
seg_0007,paid_meeting_test_0002,ừ,ừ
seg_0008,paid_meeting_test_0002,biến đầu vào chủ yếu là lịch sử trả nợ thu nhập khai báo 0 lệ nợ trên thu nhập với à với 1 số biến hành vi giao dịch nữa,đến đầu vào chủ yếu là lịch sử trả nợ thu nhập khai báo 0 lệ nợ trên thu nhập với với 1 số biến hành vi giao dịch nữa
seg_0009,paid_meeting_test_0002,ừ đúng vậy,ừ đúng vậy
seg_0010,paid_meeting_test_0002,dạ tụi em có kiểm tra fairness bằng chỉ số demographic parity với khoan em nói lại cho chính xác phải là equal opportunity difference mới đúng chứ không phải demographic parity,dạ tụi em có kiểm tra phe next bằng kỷ số demographic parity với khoan em nói lại cho chính xác phải là equal opportunity difference mới đúng chứ không phải demographic parity
seg_0011,paid_meeting_test_0002,ừ ok em nói tiếp đi,ừ ok em nói tiếp đi
seg_0012,paid_meeting_test_0002,dạ kết quả cho thấy 0 lệ từ chối ở nhóm khách hàng thu nhập thấp cao hơn nhóm còn lại khoảng 12 điểm phần 0,dạ kết quả cho thấy 0 lệ từ chối ở nhóm khách hàng thu nhập thấp cao hơn nhóm còn lại khoảng 12 điểm phần 0
seg_0013,paid_meeting_test_0002,ừ 12 điểm phần 0 là con số đáng chú ý,ừ 12 điểm phần 0 là con số đáng chú ý
seg_0014,paid_meeting_test_0002,xin lỗi ngắt lời cho em hỏi luôn mô hình có dùng biến nào thay thế cho đặc điểm nhân khẩu như khu vực sinh sống hay nghề nghiệp không,xin lỗi ngắt lời cho em hỏi luôn mô hình có dùng biến nào thay thế cho đặc điểm nhân khẩu như khu vực sinh sống hay nghề nghiệp không
seg_0015,paid_meeting_test_0002,dạ tụi em không đưa trực tiếp biến khu vực hay nghề nghiệp vào nhưng có dùng điểm tín dụng từ bureau ngoài cái đó có thể mang correlation gián tiếp,dạ tụi em không đưa trực tiếp biến khu vực hay nhà nghiệp vào nhưng có dùng điểm tín dụng từ bureau ngoài cái đó có thể mang correlation gián tiếp
seg_0016,paid_meeting_test_0002,vậy đó chính là điều em lo biến proxy có thể mang thiên lệch dù không cố ý,vậy đó chính là điều em lo biến proxy có thể mang thiên lệch dù không cố ý
seg_0017,paid_meeting_test_0002,ừ đúng đây là điểm mình cần đào sâu thêm,ừ đúng đây là điểm mình cần đào sâu thêm
seg_0018,paid_meeting_test_0002,dạ tụi em cũng nghi ngờ điều đó nên đã chạy thêm test loại bỏ điểm bureau ra khỏi feature set để so sánh,dạ tụi em cũng nghi ngờ điều đó nên đã chạy thêm test loại bỏ điểm bureau ra khỏi feature set để so sánh
seg_0019,paid_meeting_test_0002,ừ kết quả sao,ừ kết quả sao
seg_0020,paid_meeting_test_0002,dạ khi loại điểm bureau ra chênh lệch giảm còn khoảng 7 điểm phần 0 vẫn còn nhưng đỡ hơn nhiều,dạ khi loại điểm euro ra chênh lệch giảm còn khoảng 7 điểm phần 0 vẫn còn nhưng đỡ hơn nhiều
seg_0021,paid_meeting_test_0002,ừ vậy điểm bureau đóng góp 1 phần lớn vào chênh lệch,ừ vậy điểm bureau đóng góp 1 phần lớn vào chênh lệch
seg_0022,paid_meeting_test_0002,dạ đúng nhưng nếu bỏ hẳn điểm bureau thì auc của mô hình giảm đáng kể khả năng phân loại rủi ro kém đi,dạ đúng nhưng nếu bỏ hẳn điểm bureau thì auc của mô hình giảm đáng kể khả năng phân loại rủi ro kém đi
seg_0023,paid_meeting_test_0002,ừ,ừ
seg_0024,paid_meeting_test_0002,dạ ngoài ra tụi em còn kiểm tra thêm biến thu nhập khai báo biến này cũng có correlation với nhóm khách hàng bị ảnh hưởng,dạ ngoài ra tụi em còn kiểm tra thêm biến thu nhập khai báo biến này cũng có correlation với nhóm khách hàng bị ảnh hưởng
seg_0025,paid_meeting_test_0002,ừ nghe phức tạp đấy,ừ nghe phức tạp đấy
seg_0026,paid_meeting_test_0002,dạ tụi em dùng thêm kỹ thuật calibration theo từng nhóm để giảm chênh lệch nhưng calibration không xử lý được hết root cause,dạ tụi em dùng thêm kỹ thuật calibration theo từng nhóm để giảm chênh lệch nhưng calibration không xử lý được hết root cause
seg_0027,paid_meeting_test_0002,ừ đúng vậy,ừ đúng vậy
seg_0028,paid_meeting_test_0002,dạ model hiện tại được retrain mỗi quý lần retrain gần nhất là 2 tháng trước dữ liệu training vẫn giữ pattern lịch sử cũ,dạ model hiện tại được retrain mỗi quý lần retrain gần nhất là 2 tháng trước dữ liệu training vẫn giữ pattern lịch sử cũ
seg_0029,paid_meeting_test_0002,ừ pattern lịch sử cũ có thể chính là nguồn gốc thiên lệch,ừ pattern lịch sử cũ có thể chính là nguồn gốc thiên lệch
seg_0030,paid_meeting_test_0002,dạ em cũng nghĩ vậy vì dữ liệu lịch sử phản ánh cách con người từng duyệt vay mà cách duyệt cũ vốn đã có thiên lệch sẵn,dạ em cũng nghĩ vậy vì dữ liệu lịch sử phản ánh cách con người từng dịch vay mà các dịch cũ vốn đã có thiên là sẵn
seg_0031,paid_meeting_test_0002,ừ đây là vấn đề gốc rễ khó xử lý,ừ đây là vấn đề gốc rễ khó xử lý
seg_0032,paid_meeting_test_0002,dạ tụi em cũng test thêm bằng disparate impact ratio kết quả hiện tại đang ở mức 0 72 dưới ngưỡng khuyến nghị 0 8,dạ tụi em cũng test thêm bằng disparate impact ratio kết quả hiện tại đang ở mức không phẩy 72 dưới ngữ khuyến nghị không phẩy 8
seg_0033,paid_meeting_test_0002,ừ dưới ngưỡng là đáng lo thật,ừ dưới ngưỡng là đáng lo thật
seg_0034,paid_meeting_test_0002,dạ ngoài ra tụi em cũng review lại confusion matrix theo từng nhóm false negative rate ở nhóm thu nhập thấp cũng cao hơn 1 chút,dạ ngoài ra tụi em cũng review lại confusion metrics theo từng nhóm false negative rate ở nhóm thu nhập thấp cũng cao hơn 1 chút
seg_0035,paid_meeting_test_0002,ừ false negative cao nghĩa là mình đang từ chối oan nhiều người đủ điều kiện,ừ false negative cao nghĩa là mình đang từ chối oan nhiều người đủ điều kiện
seg_0036,paid_meeting_test_0002,dạ đúng đó cũng là lý do em thấy cần hiệu chỉnh threshold theo nhóm nhưng làm vậy lại đụng tới câu chuyện fairness theo cách khác,dạ đúng đó cũng là lý do em thấy cần hiệu chỉnh threshold theo nhóm nhưng làm vậy lại đụng tới câu chuyện fairness theo cách khác
seg_0037,paid_meeting_test_0002,ừ nghe rắc rối chỉnh chỗ này lại ảnh hưởng chỗ kia,ừ nhé rắc rối chỉnh chỗ này lại ảnh hưởng chỗ kia
seg_0038,paid_meeting_test_0002,dạ đúng là bài toán đánh đổi không có nghiệm hoàn hảo cho mọi tiêu chí fairness cùng lúc,dạ đúng là bài toán đánh đổi không có nghiệm hoàn hảo cho mọi tiêu chí fairness cùng lúc
seg_0039,paid_meeting_test_0002,dạ đó là toàn bộ phần phân tích kỹ thuật em muốn trình bày trước khi qua phần hỏi đáp,dạ đó là toàn bộ phần phân tích kỹ thuật em muốn trình bày trước khi qua phần hỏi đáp
seg_0040,paid_meeting_test_0002,ừ cảm ơn giang để mình chuyển qua phần hỏi đáp chắc hoa và anh đều có nhiều câu hỏi,ừ cảm ơn giang để mình chuyển qua phần hỏi đáp chắc hoa và anh đều có nhiều câu hỏi
seg_0041,paid_meeting_test_0002,anh muốn làm rõ chênh lệch gap 7 điểm phần 0 đó có còn tồn tại sau khi kiểm soát yếu tố thu nhập không hay là do thu nhập khác nhau thật sự,anh muốn làm rõ chênh lệch 7 điểm phần 0 đó có còn tồn tại sau khi kiểm soát yếu tố thu nhập không hay là do thu nhập khác nhau thật sự
seg_0042,paid_meeting_test_0002,dạ tụi em có chạy thêm mô hình kiểm soát thu nhập chênh lệch giảm nhưng vẫn còn khoảng 4 điểm phần 0 biến mất hoàn toàn,dạ tụi em có chạy thêm mô hình kiểm soát thu nhập trên lịch giảm nhưng vẫn còn khoảng 4 điểm phần 0 biến mất hoàn toàn
seg_0043,paid_meeting_test_0002,ừ vậy vẫn còn phần chênh lệch gap không giải thích được bằng thu nhập,ừ vậy vẫn còn phần chênh lệch không giải thích được bằng thu nhập
seg_0044,paid_meeting_test_0002,dạ đúng phần đó có thể đến từ điểm bureau hoặc từ pattern lịch sử duyệt vay cũ như em nói lúc nãy,dạ đúng phần đó có thể đến từ điểm bureau hoặc từ pattern lịch sử duyệt vay cũ như em nói lúc nãy
seg_0045,paid_meeting_test_0002,dạ cho em hỏi thêm model có thể giải thích được lý do từ chối cho từng khách hàng cụ thể không,dạ cho em hỏi thêm model có thể giải thích được lý do từ chối cho từng khách hàng cụ thể không
seg_0046,paid_meeting_test_0002,dạ mô hình gradient boosting hiện tại có dùng shap value để giải thích nhưng giải thích ở mức feature importance chứ không phải lý do đơn giản dễ hiểu cho khách hàng,dạ mô hình gradient boosting hiện tại có dùng sharp value để giải thích nhưng giải thích ở mức feature importance chứ không phải lý do đơn giản dễ hiểu cho khách hàng
seg_0047,paid_meeting_test_0002,vậy nếu cơ quan quản lý yêu cầu giải trình cho 1 khách hàng cụ thể mình có làm được không,vậy nếu cơ quan quản lý yêu cầu giải trình cho 1 khách hàng cụ thể mình có làm được không
seg_0048,paid_meeting_test_0002,dạ làm được nhưng sẽ cần thời gian vì phải trích xuất shap value rồi diễn giải sang ngôn ngữ dễ hiểu không phải tự động hoàn toàn,dạ làm được nhưng sẽ cần thời gian vì phải trích xuất sharp value rồi diễn giải sang ngôn ngữ dễ hiểu không phải tự động hoàn toàn
seg_0049,paid_meeting_test_0002,ừ cái này quan trọng nếu chậm giải trình thì compliance risk tăng lên,ừ cái này quan trọng nếu chậm giải trình thì compliance risk tăng lên
seg_0050,paid_meeting_test_0002,dạ đúng vậy quy định policy hiện hành yêu cầu phải giải trình được trong thời gian ngắn khi khách hàng khiếu nại,dạ đúng vậy quy định hiện hành yêu cầu phải giải trình được trong thời gian ngắn khi khách hàng khiếu nại
seg_0051,paid_meeting_test_0002,dạ tụi em à em xin nói lại cho rõ hiện tại thời gian trung bình để giải trình 1 case là khoảng 3 ngày chứ không phải 1 ngày như em vừa nói nhầm,dạ tụi em a em xin nói lại cho rõ hiện tại thời gian trung bình để dạy trình 1 case là khoảng 3 ngày chứ không phải 1 ngày như em vừa nói nhầm
seg_0052,paid_meeting_test_0002,3 ngày là quá chậm so với yêu cầu quy định policy cho phép tối đa 48 giờ,3 ngày là quá chậm so với yêu cầu quy định policy cho phép tối đa 48 giờ
seg_0053,paid_meeting_test_0002,ừ đây là khoảng cách cần thu hẹp gấp,ừ đây là khoảng cách cần thu hẹp gấp
seg_0054,paid_meeting_test_0002,dạ em hiểu nhưng cải thiện quy trình giải trình cần thời gian không thể xong ngay trong vài ngày,dạ em hiểu nhưng cải thiện quy trình giải trình cần thời gian không thể xong ngay trong vài ngày
seg_0055,paid_meeting_test_0002,hỏi lại cho chắc vậy chênh lệch 4 điểm phần 0 sau khi kiểm soát thu nhập là con số cuối cùng hay còn thay đổi thêm khi kiểm soát các biến khác,hỏi lại cho chắc vậy chênh lệch 4 điểm phần 0 sau khi kiểm soát thu nhập là con số cuối cùng hay còn thay đổi thêm khi kiểm soát các biến khác
seg_0056,paid_meeting_test_0002,dạ đó là con số sau khi kiểm soát thu nhập và tuổi vay nếu kiểm soát thêm biến khác chắc sẽ còn thay đổi nhẹ nhưng em nghĩ khó về 0,dạ đó là con số sau khi kiểm soát thu nhập và tuổi vay nếu kiểm soát thêm biến khác chắc sẽ còn thay đổi nhẹ nhưng em lấy ý khó về không
seg_0057,paid_meeting_test_0002,ừ vậy về cơ bản mô hình đang có thiên lệch thật sự không chỉ do khác biệt thu nhập,ừ vậy về cơ bản mô hình đang có thiên lệch thật sự không chỉ do khác biệt thu nhập
seg_0058,paid_meeting_test_0002,dạ đúng như em lo ngại từ đầu,dạ đúng như em lo ngại từ đầu
seg_0059,paid_meeting_test_0002,dạ em không phủ nhận có chênh lệch nhưng em muốn nói rõ là mô hình không cố ý dùng biến nhân khẩu đây là hệ quả gián tiếp từ dữ liệu lịch sử,dạ em không phủ nhận có chênh lệch nhưng em muốn nói rõ là mô hình không cố ý dùng biến nhân khẩu đây là hệ quả gián tiếp từ dữ liệu lịch sử
seg_0060,paid_meeting_test_0002,ừ anh hiểu nhưng hậu quả với khách hàng vẫn như nhau dù có cố ý hay không,ừ anh hiểu nhưng hậu quả với khách hàng vẫn như nhau dù có cố ý hay không
seg_0061,paid_meeting_test_0002,dạ đúng quy định không phân biệt cố ý hay vô ý chỉ nhìn vào kết quả thực tế,dạ đúng quy định không phân biệt cố ý hay vô ý chỉ nhìn vào kết quả thực tế
seg_0062,paid_meeting_test_0002,dạ em hiểu điều đó ạ,dạ em hiểu ý điều đó ạ
seg_0063,paid_meeting_test_0002,ừ giờ mình chuyển sang phần làm rõ nghĩa vụ giải trình để hoa dẫn dắt tiếp,ừ giờ mình chuyển sang phần làm rõ nghĩa vụ giải trình để hòa dẫn ra tiếp
seg_0064,paid_meeting_test_0002,dạ để em nêu rõ nghĩa vụ giải trình theo quy định hiện hành ngân hàng phải chứng minh được mô hình không phân biệt đối xử theo nhóm khách hàng được bảo vệ,dạ để em nêu rõ nghĩa vụ giải trình theo quy định hiện hành ngân hàng phải chứng minh được mô hình không phân biệt đối xử theo nhóm khách hàng được bảo vệ
seg_0065,paid_meeting_test_0002,ừ đúng đây là nghĩa vụ pháp lý chứ không phải chỉ là vấn đề kỹ thuật,ừ đúng đây là nghĩa vụ pháp lý chứ không phải chỉ là vấn đề kỹ thuật
seg_0066,paid_meeting_test_0002,dạ và nếu cơ quan thanh tra phát hiện chênh lệch gap mà ngân hàng không xử lý kịp thời mức phạt có thể rất nặng chưa kể ảnh hưởng uy tín,dạ và nếu cơ quan thanh tra phát hiện chênh lệch mà ngân hàng không xử lý kịp thời mức phạt có thể rất nặng chưa kể ảnh hưởng uy tín
seg_0067,paid_meeting_test_0002,dạ em hiểu áp lực đó nhưng em cũng muốn nói là dừng đột ngột model cũng có rủi ro vận hành riêng,dạ em hiểu áp lực đó nhưng em cũng muốn nói là dừng được 1 model cũng có rủi ro vận hành riêng
seg_0068,paid_meeting_test_0002,dạ em không nói dừng đột ngột không có rủi ro nhưng compliance risk theo em nghiêm trọng hơn nhiều,dạ em không nói rừng đột ngột không có rủi ro nhưng compliance risk theo em nghiêm trọng hơn nhiều
seg_0069,paid_meeting_test_0002,ừ cả 2 loại risk đều thật mình cần cân nhắc kỹ,ừ cả 2 loại risk đều thật mình cần cân nhắc kỹ
seg_0070,paid_meeting_test_0002,dạ ngoài ra khách hàng bị từ chối trong giai đoạn có chênh lệch gap này cũng có quyền khiếu nại và yêu cầu xem xét lại,dạ ngoài ra khách hàng bị từ chối trong giai đoạn có chênh lệch này cũng có quyền khiếu nại và yêu cầu xem xét lại
seg_0071,paid_meeting_test_0002,dạ nếu có khiếu nại hàng loạt thì đúng là risk vận hành cũng tăng theo,dạ nếu có khiếu nại hàng loạt thì đúng là risk vận hành cũng tăng theo
seg_0072,paid_meeting_test_0002,ừ vậy cả 2 phía đều đồng ý là không thể để nguyên trạng như hiện tại,ừ vậy cả 2 phía đều đồng ý là không thể để nguyên trạng như hiện tại
seg_0073,paid_meeting_test_0002,dạ đúng em nghĩ mình cần 1 quyết định decision dứt khoát,dạ đúng em nghĩ mình cần 1 quyết định dứt khoát
seg_0074,paid_meeting_test_0002,dạ em cũng đồng ý cần hành động chỉ là em muốn hành động đó không làm gián đoạn hoạt động cho vay quá nhiều,dạ em cũng đồng ý cần hành động chỉ là em muốn hành động đó không làm gián đoạn hoạt động cho vay quá nhiều
seg_0075,paid_meeting_test_0002,ừ đó chính là điều mình cần cân bằng ở phần tiếp theo,ừ đó chính là điều mình cần cân bằng ở phần tiếp theo
seg_0076,paid_meeting_test_0002,dạ theo em phương án an toàn nhất về tuân thủ là tạm dừng sử dụng model cho tới khi hiệu chỉnh xong,dạ theo em phương án an toàn nhất về tuân thủ là tạm dừng sử dụng model cho tới khi hiệu chỉnh xong
seg_0077,paid_meeting_test_0002,khoan đã tạm dừng hoàn toàn thì hàng 0 hồ sơ file vay đang chờ xử lý sẽ bị ùn lại ảnh hưởng rất lớn tới khách hàng đang cần vốn,khoan đã tạm dừng hoàn toàn thì hàng 0 hồ sơ vay đang chờ xử lý sẽ bị ùn lại ảnh hưởng rất lớn từ khách hàng đang cần vốn
seg_0078,paid_meeting_test_0002,dạ em hiểu nhưng nếu tiếp tục dùng mô hình có thiên lệch đã biết thì mỗi ngày trôi qua là mỗi ngày vi phạm thêm,dạ em hiểu nhưng nếu tiếp tục dùng mô hình có thiên lệch đã biết thì mỗi ngày trôi qua là mỗi ngày vi phạm thêm
seg_0079,paid_meeting_test_0002,em đề nghị giữ model nhưng bổ sung rà soát thủ công cho tất cả các trường hợp bị từ chối thuộc nhóm bị ảnh hưởng vẫn kiểm soát được rủi ro mà không cần dừng hẳn,em đề nghị giữ model nhưng bổ sung rà soát thủ công cho tất cả các trường hợp bị từ chối thuộc nhóm bị ảnh hưởng vẫn kiểm soát được rủi ro mà không cần dừng hẳn
seg_0080,paid_meeting_test_0002,dạ rà soát thủ công liệu có đủ nhanh và đủ khách quan không hay lại tạo thêm 1 lớp quyết định decision chủ quan khác,dạ rà soát thủ công liệu có đủ nhanh và đủ khách quan không hay lại tạo thêm 1 lớp quyết định chủ quan khác
seg_0081,paid_meeting_test_0002,dạ rà soát thủ công do đội rủi ro tín dụng thực hiện có checklist rõ ràng không phải tùy tiện,dạ rà soát thủ công do đội rủi ro tín dụng thực hiện có checklist rõ ràng không phải tùy tiện
seg_0082,paid_meeting_test_0002,nhưng checklist do ai xây dựng nếu chính đội xây mô hình cũng là đội làm checklist thì tính khách quan ở đâu,nhưng checklist do ai xây dựng nếu chính đội xây mô hình cũng là đội làm checklist thì tính khách quan ở đâu
seg_0083,paid_meeting_test_0002,dạ checklist có thể để đội tuân thủ tham gia xây dựng cùng để đảm bảo khách quan hơn,dạ checklist có thể để đội tân thủ tham gia xây dựng cùng để đảm bảo khách quan hơn
seg_0084,paid_meeting_test_0002,dạ vậy ít nhất đó là 1 cải thiện nhưng em vẫn lo rà soát thủ công không kịp xử lý hết khối lượng hồ sơ file,dạ vậy ít nhất đó là 1 cải thiện nhưng em vẫn lo rà soát thủ công không kịp xử lý hết khối lượng hồ sơ file
seg_0085,paid_meeting_test_0002,dạ em nghĩ có thể ưu tiên rà soát thủ công cho các trường hợp gần ngưỡng từ chối trước chứ không cần rà soát toàn bộ,dạ em nghĩ có thể ưu tiên rà soát thủ công cho các trường hợp gần ngưỡng từ chối chút chứ không cần rà soát toàn bộ
seg_0086,paid_meeting_test_0002,dạ nhưng nếu chỉ rà soát gần ngưỡng thì mấy trường hợp bị từ chối rõ ràng nhưng vẫn do biến thiên lệch cũng bị bỏ qua,dạ nhưng nếu chỉ rà soát gần ngưỡng thì mấy trường hợp bị từ chối rõ ràng nhưng vẫn do biến thiên lệch cũng bị bỏ qua
seg_0087,paid_meeting_test_0002,dạ cái đó thì em thừa nhận là có giới hạn thật nhưng dừng hẳn model để rà soát toàn bộ thủ công cũng không khả thi về nguồn lực,dạ cái đó thì em thừa nhận là có giới hạn thật nhưng dừng hẳn model để rà soát toàn bộ thủ công cũng không khả thi về nguồn lực
seg_0088,paid_meeting_test_0002,dạ em hiểu nguồn lực có hạn nhưng đó không phải lý do để chấp nhận risk vi phạm quy định,dạ em hiểu nguồn lực có hạ nhưng đó không phải lý do để chấp nhận risk vi phạm quy định
seg_0089,paid_meeting_test_0002,em không nói chấp nhận risk em chỉ nói mình cần 1 phương án khả thi trong thời gian ngắn không phải phương án lý tưởng nhưng bất khả thi,em không nói chấp nhận risk em chỉ nói mình cần 1 phương án khả thi trong thời gian ngắn không phải phương án lý tưởng nhưng bất khả thi
seg_0090,paid_meeting_test_0002,dạ vậy em đề nghị ít nhất phải thu hẹp phạm vi áp dụng model không dùng cho nhóm khách hàng đang bị ảnh hưởng nhiều nhất trong lúc chờ hiệu chỉnh,dạ vậy em đề nghị ít nhất phải thu hẹp phạm vi áp dụng model không dùng cho nhóm khách hàng đang bị ảnh hưởng nhiều nhất trong lúc chờ hiệu chỉnh
seg_0091,paid_meeting_test_0002,dạ thu hẹp phạm vi scope thì em thấy khả thi hơn dừng hoàn toàn ít nhất phần còn lại vẫn vận hành bình thường,dạ thu hẹp phạm vi thì em thấy khả thi hơn dừng hoàn toàn ít nhất phần còn lại vẫn vận hành bình thường
seg_0092,paid_meeting_test_0002,dạ nhưng nhóm bị thu hẹp đó vẫn cần có quy trình xử lý thay thế không thể để họ không được xét vay luôn,dạ nhưng nhóm bị thu hẹp đó vẫn cần có quy trình xử lý thay thế không thể để họ không được xét vay luôn
seg_0093,paid_meeting_test_0002,dạ đúng phần đó chắc phải chuyển sang rà soát thủ công hoàn toàn cho riêng nhóm đó,dạ đúng phần đó chắc phải chuyển sang rà soát thủ công hoàn toàn cho riêng nhóm đó
seg_0094,paid_meeting_test_0002,dạ em cũng muốn nói thêm nếu rà soát thủ công không có tiêu chí rõ ràng thì lại tạo ra risk thiên vị kiểu khác,dạ em cũng muốn nói thêm nếu rà soát thủ công không có tiêu chí rõ ràng thì lại tạo ra risk thiên vị kiểu khác
seg_0095,paid_meeting_test_0002,dạ em đồng ý nên checklist rà soát thủ công phải dựa trên tiêu chí định lượng không để cảm tính người duyệt chi phối,dạ em đồng ý nên check list rà soát thủ công phải dựa trên tiêu chí định lượng không để cảm tính người duyệt chi phối
seg_0096,paid_meeting_test_0002,dạ vậy mình cần thống nhất tiêu chí đó trước khi áp dụng rà soát thủ công,đạ vậy mình cần thống nhất tiêu chí đó trước khi áp dụng rà soát thủ công
seg_0097,paid_meeting_test_0002,dạ em sẽ phối hợp với hoa soạn tiêu chí này trong tuần tới,dạ em sẽ phối hợp với hoa sạn tiêu chí này trong tuần tới
seg_0098,paid_meeting_test_0002,dạ vậy mình đang tiến gần tới 1 phương án chung rồi đấy,dạ vậy mình đang tiến gần tới 1 phương án chung rồi đấy
seg_0099,paid_meeting_test_0002,dạ em cũng thấy vậy chỉ là em vẫn muốn nhấn mạnh thời gian hiệu chỉnh model không nên kéo quá dài,dạ em cũng thấy vậy chỉ là em vẫn muốn nhấn mạnh thời gian hiệu chỉnh model không nên kéo quá dài
seg_0100,paid_meeting_test_0002,dạ em đồng ý càng để lâu thì compliance risk càng tích lũy thêm,dạ em đồng ý càng để lâu thì compliance risk càng tích lũy thêm
seg_0101,paid_meeting_test_0002,khoan để anh dừng lại 1 chút 2 người đang tranh luận rất tốt nhưng mình cần chuyển sang so sánh risk tổng thể trước khi chốt phương án,khoan để anh dừng lại 1 chút 2 người đang tranh luận rất tốt nhưng mình cần chuyển sang so sánh risk tổng thể trước khi chốt phương án
seg_0102,paid_meeting_test_0002,ừ để anh tóm tắt lại 1 bên là rủi ro bị xử phạt vì vi phạm quy định công bằng tín dụng bên kia là rủi ro gián đoạn hoạt động cho vay nếu thu hẹp phạm vi hoặc dừng model,ừ để anh tóm tắt lại 1 bên là rủi ro bị xử phạt vì vi phạm quy định công bằng tín dụng bên kia là rủi ro gián đoạn hoạt động cho vay nếu thu hẹp phạm vi hoặc dừng mua đều
seg_0103,paid_meeting_test_0002,dạ đúng vậy ạ,dạ đúng vậy ạ
seg_0104,paid_meeting_test_0002,dạ và mức phạt cho vi phạm loại này không chỉ là tiền mà còn kèm yêu cầu khắc phục bắt buộc có thể ảnh hưởng giấy phép hoạt động của mảng cho vay đó,dạ và mức phạt cho vi phạm loại này không chỉ là tiền mà còn kèm yêu cầu khắc phục bắt buộc có thể ảnh hưởng giấy phép hoạt động của mảng cho vay đó
seg_0105,paid_meeting_test_0002,ừ đây là điều anh lo nhất ảnh hưởng giấy phép là hậu quả rất nghiêm trọng,ừ đây là điều anh lo nhất ảnh hưởng giấy phép là hậu quả rất nghiêm trọng
seg_0106,paid_meeting_test_0002,dạ còn nếu thu hẹp phạm vi hoặc dừng model doanh số cho vay của mảng đó sẽ giảm trong thời gian hiệu chỉnh ước tính khoảng 15 trong 2 tháng,dạ còn nếu thu hẹp phạm vi hoặc dừng model doanh số cho vay của mảng đó sẽ giảm trong thời gian hiệu chỉnh ước tính khoảng 15 trong 2 tháng
seg_0107,paid_meeting_test_0002,ừ 15 doanh số giảm là con số đáng cân nhắc nhưng vẫn nhỏ hơn nhiều so với risk mất giấy phép,ừ 15 doanh số giảm là con số đáng cân nhắc nhưng vẫn nhỏ hơn nhiều so với risk mất giấy phép
seg_0108,paid_meeting_test_0002,dạ em đồng ý với anh compliance risk nên được ưu tiên hơn trong trường hợp này,dạ em đồng ý với anh compliance risk nên được ưu tiên hơn trong trường hợp này
seg_0109,paid_meeting_test_0002,dạ em cũng nhìn nhận vậy nếu đặt lên bàn cân thì compliance risk nặng hơn thật,dạ em cũng nhìn nhận vậy nếu đặt lên bàn cân thì combine switch nặng hơn thật
seg_0110,paid_meeting_test_0002,ừ vậy mình nghiêng về phương án thu hẹp phạm vi scope kèm rà soát thủ công cho nhóm bị ảnh hưởng,ừ vậy mình nghiêng về phương án thu hẹp phạm vi scope kèm rà soát thủ công cho nhóm bị ảnh hưởng
seg_0111,paid_meeting_test_0002,dạ em chấp nhận thu hẹp phạm vi scope áp dụng trong thời gian hiệu chỉnh miễn có lộ trình rõ ràng để khôi phục lại toàn bộ phạm vi sau này,dạ em chấp nhận thu hẹp phạm vi scope áp dụng trong thời gian hiệu chỉnh miễn có lộ trình rõ ràng để khôi phục lại toàn bộ phạm vi sau này
seg_0112,paid_meeting_test_0002,dạ em cũng đồng ý với điều kiện đó miễn lộ trình roadmap hiệu chỉnh có mốc thời gian cụ thể,dạ em cũng đồng ý với điều kiện đó miễn lộ trình roadmap hiệu chỉnh có mốc thời gian cụ thể
seg_0113,paid_meeting_test_0002,ừ tốt vậy mình đã gần thống nhất được phương án,ừ tốt vậy mình đã gần thống nhất được phương án
seg_0114,paid_meeting_test_0002,dạ em sẽ đề xuất lộ trình hiệu chỉnh cụ thể gồm loại bỏ ảnh hưởng gián tiếp của điểm bureau và retrain lại với kỹ thuật giảm thiên lệch,dạ em sẽ đề xuất lộ trình hiệu chỉnh cụ thể gồm lại bỏ ảnh hưởng gián tiếp của điểm bureau và retrain lại với kỹ thuật giảm thiên lệch
seg_0115,paid_meeting_test_0002,dạ em cũng sẽ chuẩn bị hồ sơ file giải trình song song với quá trình hiệu chỉnh,dạ em cũng sẽ chuẩn bị hồ sơ giải trình song song với quá trình hiệu chỉnh
seg_0116,paid_meeting_test_0002,ừ vậy giờ mình chốt phương án chính thức nhé,ừ vậy giờ mình chốt phương án chính thức nhé
seg_0117,paid_meeting_test_0002,dạ em bổ sung thêm nếu chọn thu hẹp phạm vi thì cũng cần thông báo cho các chi nhánh đang áp dụng model tránh áp dụng sai,dạ em bổ sung thêm nếu chọn thu hẹp phạm vi thì cũng cần thông báo cho các chi nhánh đang áp dụng model tránh áp dụng sai
seg_0118,paid_meeting_test_0002,ừ đúng phải có thông báo chính thức xuống các chi nhánh liên quan,ừ đúng phải có thông báo chính thức xuống các chi nhánh liên quan
seg_0119,paid_meeting_test_0002,dạ em sẽ phối hợp bộ phận vận hành để cập nhật lại hệ thống chặn áp dụng model cho nhóm bị thu hẹp,dạ em sẽ phối hợp bộ phận vận hành để cập nhật lại hệ thống chặn áp dụng model cho nhóm bị thu hẹp
seg_0120,paid_meeting_test_0002,ừ tốt nhớ làm sớm để tránh chi nhánh áp dụng nhầm trong lúc chuyển tiếp,ừ tốt nhớ làm sớm để tránh chi nhánh áp dụng nhầm trong lúc chuyển tiếp
seg_0121,paid_meeting_test_0002,cho anh vài giây suy nghĩ trước khi chốt,cho anh vài giây suy nghĩ trước khi chốt
seg_0122,paid_meeting_test_0002,dạ em chờ anh ạ,dạ em chờ anh ạ
seg_0123,paid_meeting_test_0002,dạ em cũng chờ ạ,dạ em cũng chờ ạ
seg_0124,paid_meeting_test_0002,rồi anh quyết định thế này thu hẹp phạm vi áp dụng model đối với nhóm khách hàng đang bị ảnh hưởng nhiều nhất chuyển toàn bộ nhóm đó sang rà soát thủ công đồng thời bắt đầu ngay lộ trình hiệu chỉnh mô hình,rồi anh quyết định thế này thu hẹp phạm vi áp dụng model đối với nhóm khách hàng đang bị ảnh hưởng nhiều nhất chuyển toàn bộ nhóm đó sang rà soát thủ công đồng thời bắt đầu ngay lộ trình mô hình
seg_0125,paid_meeting_test_0002,dạ em đồng ý với quyết định decision này ạ,dạ em đồng ý với quyết định này ạ
seg_0126,paid_meeting_test_0002,dạ em cũng đồng ý miễn lộ trình roadmap hiệu chỉnh có mốc kiểm tra rõ ràng,dạ em cũng đồng ý miễn lộ trình roadmap hiệu chỉnh có mốc kiểm tra rõ ràng
seg_0127,paid_meeting_test_0002,ừ lộ trình roadmap hiệu chỉnh cần báo cáo tiến độ 2 tuần 1 lần cho anh và cho hoa,ừ lộ trình roadmap hiệu chỉnh cần báo cáo tiến độ 2 tuần 1 lần cho anh và cho hoa
seg_0128,paid_meeting_test_0002,dạ vâng em sẽ chuẩn bị báo cáo tiến độ định kỳ,dạ vâng em sẽ chuẩn bị báo cáo tiến độ định kỳ
seg_0129,paid_meeting_test_0002,dạ em sẽ theo dõi song song để đảm bảo tiến độ giải trình cũng đi kèm,dạ em sẽ theo dõi song song để đảm bảo tiến độ giải trình cũng đi kèm
seg_0130,paid_meeting_test_0002,ừ phạm vi thu hẹp này chỉ được khôi phục toàn bộ khi disparate impact ratio đạt lại trên ngưỡng 0 8,ừ phạm vi thu hẹp này chỉ được khôi phục toàn bộ khi disparate impact ratio đạt lại trên ngưỡng 0 8
seg_0131,paid_meeting_test_0002,dạ em ghi nhận điều kiện khôi phục đó,dạ em ghi nhận điều kiện khôi phục đó
seg_0132,paid_meeting_test_0002,dạ em cũng sẽ đưa điều kiện này vào hồ sơ file giải trình chính thức,dạ em cũng sẽ đưa điều kiện này vào hồ sơ giải trình chính thức
seg_0133,paid_meeting_test_0002,ừ tốt cả 3 mình đồng thuận với phương án này nhé ai có ý kiến khác không,ừ tốt cả 3 mình đồng thuận với phương án này nhé ai có ý kiến khác không
seg_0134,paid_meeting_test_0002,không ạ em ok,không ạ em ok
seg_0135,paid_meeting_test_0002,dạ em cũng ok với phương án này ạ,dạ em cũng ok với phương án này ạ
seg_0136,paid_meeting_test_0002,tốt vậy mình chốt phương án thu hẹp phạm vi scope kèm rà soát thủ công và lộ trình hiệu chỉnh,tốt vậy mình chốt phương án thu hẹp phạm vi scope kèm rà soát thủ công và lộ trình hiệu chỉnh
seg_0137,paid_meeting_test_0002,dạ em sẽ bắt đầu triển khai ngay trong tuần này,dạ em sẽ bắt đầu triển khai ngay trong tuần này
seg_0138,paid_meeting_test_0002,dạ em cũng sẽ soạn hồ sơ file giải trình gửi lên cơ quan quản lý trong tuần này,dạ em cũng sẽ soạn hồ sơ giải trình gửi lên cơ quan quản lý trong tuần này
seg_0139,paid_meeting_test_0002,ừ tốt lắm cảm ơn 2 người,ừ tốt lắm cảm ơn 2 người
seg_0140,paid_meeting_test_0002,rồi giờ mình phân công assign cụ thể giang phụ trách phân tích lại dữ liệu huấn luyện và triển khai kỹ thuật giảm thiên lệch,rồi giờ mình phân công assign cụ thể giang phụ trách phân tích lại dữ liệu huấn luyện và triển khai kỹ thuật giảm thiên lệch
seg_0141,paid_meeting_test_0002,dạ vâng em sẽ bắt đầu phân tích lại ngay tuần sau,dạ vâng em sẽ bắt đầu phân tích lại ngày tuần sau
seg_0142,paid_meeting_test_0002,hoa phụ trách lập hồ sơ file giải trình và làm việc với cơ quan quản lý nếu cần,khoa phụ trách lập hồ sơ giải trình và làm việc với cơ quan quản lý nếu cần
seg_0143,paid_meeting_test_0002,dạ vâng em sẽ soạn hồ sơ file giải trình chi tiết trong tuần này,dạ vâng em sẽ soạn hồ sơ giải trình chi tiết trong tuần này
seg_0144,paid_meeting_test_0002,ừ nhớ hồ sơ giải trình phải nêu rõ nguyên nhân biện pháp khắc phục và mốc thời gian cụ thể,ừ nhớ hồ sơ giải trình phải nêu rõ nguyên nhân biện pháp khắc phục và mốc thời gian cụ thể
seg_0145,paid_meeting_test_0002,dạ em sẽ nêu đầy đủ 3 phần đó trong hồ sơ file ạ,dạ em sẽ nêu đầy đủ 3 phần đó trong hồ sơ ạ
seg_0146,paid_meeting_test_0002,dạ em cũng sẽ đính kèm báo cáo kỹ thuật về disparate impact ratio vào hồ sơ đó,dạ em cũng sẽ đính kèm báo cáo kỹ thuật về disparate impact ratio và hồ sơ đó
seg_0147,paid_meeting_test_0002,ừ tốt 2 bạn phối hợp chặt với nhau nhé,ừ tốt 2 bạn phối hợp chặt với nhau nhé
seg_0148,paid_meeting_test_0002,dạ vâng ạ,dạ vâng ạ
seg_0149,paid_meeting_test_0002,anh sẽ report tình hình này lên ban điều hành kèm quyết định thu hẹp phạm vi như đã thống nhất,anh sẽ report tình hình này lên ban điều hành kèm quyết định thu hẹp phạm vi như đã thống nhất
seg_0150,paid_meeting_test_0002,dạ vâng ạ,dạ vâng ạ
seg_0151,paid_meeting_test_0002,để anh nhắc lại lần cuối điều kiện bắt buộc để khôi phục toàn bộ phạm vi áp dụng là disparate impact ratio phải đạt lại trên 0 8 và được kiểm chứng độc lập,để anh nhắc lại lần cuối điều kiện bắt buộc để khôi phục toàn bộ phạm vi áp dụng là disparate impact ratio phải đạt lại trên không phẩm 8 và được kiểm chứng độc lập
seg_0152,paid_meeting_test_0002,dạ em ghi nhớ điều kiện đó,dạ em đi nhớ điều kiện đó
seg_0153,paid_meeting_test_0002,dạ em cũng sẽ nhắc mốc báo cáo lại 2 tuần 1 lần trong hồ sơ file giải trình,dạ em cũng sẽ nhắc mốc báo cáo lại 2 tuần 1 lần trong hồ sơ giải trình
seg_0154,paid_meeting_test_0002,ừ tốt cảm ơn 2 người đã dành thời gian hôm nay,ừ tốt cảm ơn 2 người đã dành thời gian hôm nay
seg_0155,paid_meeting_test_0002,dạ em cảm ơn anh hẹn gặp lại ở buổi cập nhật tới,dạ em cảm ơn anh hẹn gặp lại ở buổi cập nhật tới
seg_0156,paid_meeting_test_0002,dạ em cũng cảm ơn anh em chào anh chào giang,dạ em cũng cảm ơn anh em chào anh chào giang
seg_0157,paid_meeting_test_0002,em chào anh chào hoa,em chào anh chào hoa
seg_0158,paid_meeting_test_0002,ừ cảm ơn cả 2 chúc buổi làm việc tiếp theo suôn sẻ,ừ cảm ơn cả 2 chúc buổi làm việc tiếp theo suôn sẻ
seg_0000,paid_meeting_test_0003,chào 2 em mình họp nhanh để sắp lại schedule phát sóng tuần tới nhé,chào 2 em mình họp nhanh để sắp lại schedule phát sóng tuần tới nhé
seg_0001,paid_meeting_test_0003,dạ vâng anh em nghe nói có slot bị trống đúng không ạ,dạ vâng anh em nghe nói có slot bị trống lúc không ạ
seg_0002,paid_meeting_test_0003,dạ em cũng đang chờ nghe cụ thể để check phòng thu,dạ em cũng đang chờ nghe cụ thể để check vòng thu
seg_0003,paid_meeting_test_0003,dạ host đó làm lâu 5 rồi nghỉ đột ngột chắc thính giả cũng tiếc,dạ host đó làm lâu 5 rồi nghĩ đột ngột chắc thính giả cũng tiếc
seg_0004,paid_meeting_test_0003,ừ cộng tác viên host chương trình tối thứ 4 xin nghỉ dài ngày nên slot đó bị trống,ừ cộng tác viên host chương trình tối thứ 4 xin nghỉ dài ngày nên slot đó bị trống
seg_0005,paid_meeting_test_0003,ừ mình cần tìm content mới trong tuần này để kịp lên schedule,ừ mình cần tìm content mới trong tuần này để kịp lên schedule
seg_0006,paid_meeting_test_0003,dạ slot đó trống bao lâu vậy anh,dạ slot đó trống bao lâu vậy anh
seg_0007,paid_meeting_test_0003,trống khoảng 4 tuần mình cần content thay thế nhanh,trong khoảng 4 tuần mình cần content thay thế nhanh
seg_0008,paid_meeting_test_0003,dạ hiểu rồi để em brainstorm vài format thay thế,dạ hiểu rồi để em brainstorm vài format thay thế
seg_0009,paid_meeting_test_0003,dạ em cũng thấy tiếc chương trình đó rating khá ổn định,dạ em cũng thấy tiếc chương trình đó rating khá ổn định
seg_0010,paid_meeting_test_0003,dạ cho em hỏi khung trống đó có trùng giờ bảo trì thiết bị không ạ,dạ cho em hỏi khung trống đó có trùng giờ bảo trì thiết bị không ạ
seg_0011,paid_meeting_test_0003,ừ câu hỏi hay đấy để anh check lại lịch schedule bảo trì,ừ câu hỏi hay đấy để anh check lại lịch schedule bảo trì
seg_0012,paid_meeting_test_0003,không giờ bảo trì là sáng thứ 50 trùng với slot tối thứ 4,không giờ bảo trì là sáng thứ 50 trùng với slot tối thứ 4
seg_0013,paid_meeting_test_0003,dạ vậy ổn rồi ạ,dạ vậy ổn rồi ạ
seg_0014,paid_meeting_test_0003,dạ vậy em bắt đầu brainstorm nhé mình cần 1 format vừa dễ làm vừa hấp dẫn,dạ vậy em bắt đầu brainstorm nhé mình cần 1 format vừa dễ làm vừa hấp dẫn
seg_0015,paid_meeting_test_0003,dạ để em note lại vài format khác nữa phòng khi phương án đầu không ổn,dạ để em note lại vài format khác nữa phòng khi phương án đầu không ổn
seg_0016,paid_meeting_test_0003,dạ em cũng nghĩ format đơn giản dễ triển khai hơn là làm phức tạp,dạ em cũng nghĩ format đơn giản dễ triển khai hơn là làm phức tạp
seg_0017,paid_meeting_test_0003,ừ cứ nói thoải mái ý nào cũng được,ừ cứ nói thoải mái ý nào cũng được
seg_0018,paid_meeting_test_0003,dạ em nghĩ tới 1 chương trình call-in cho thính giả gửi câu hỏi trực tiếp,dạ em nghĩ tới 1 chương trình call in cho thính giả gửi câu hỏi trực tiếp
seg_0019,paid_meeting_test_0003,ừ call-in show nghe hay đấy nhưng cần chuẩn bị kỹ,ừ cornish sound nghe hay đấy nhưng cần chuẩn bị kỹ
seg_0020,paid_meeting_test_0003,dạ hoặc mình làm 1 segment kiểu podcast phỏng vấn khách mời cũng được,dạ hoặc mình làm 1 segment kiểu podcast phỏng vấn khách mời cũng được
seg_0021,paid_meeting_test_0003,ừ cái này cũng ok nhưng phải tìm khách mời gấp trong 4 tuần,ừ cái này cũng ok nhưng phải tìm khách mời gấp trong 4 tuần
seg_0022,paid_meeting_test_0003,dạ hay là mình rerun mấy số cũ được yêu thích kèm phần dẫn mới cho mới mẻ hơn,dạ hay là mình rerun mấy số cũ được yêu thích kèm phần dẫn mới cho mới mẻ hơn
seg_0023,paid_meeting_test_0003,ừ cứ list hết ra mình chọn phương án tốt nhất sau,ừ cứ list hết ra mình chọn phương án tốt nhất sau
seg_0024,paid_meeting_test_0003,ừ ý đó cũng hay đỡ tốn công chuẩn bị content mới,ừ ý đó cũng hay đỡ tuấn câu chuẩn bị content mới
seg_0025,paid_meeting_test_0003,dạ em thấy rating mấy số cũ khá tốt chắc thính giả vẫn thích nghe lại,dạ em thấy rating mấy số cũ khá tốt chắc thính giả vẫn thích nghe lại
seg_0026,paid_meeting_test_0003,dạ nếu rerun thì bên em chỉ cần edit lại phần intro với outro thôi không tốn nhiều thời gian dựng,dạ nếu rerun thì bên em chỉ cần edit lại phần intro với outro thôi không tốn nhiều thời gian dựng
seg_0027,paid_meeting_test_0003,dạ em cũng cân nhắc thêm phương án làm theo kiểu talk show ngắn,dạ em cũng cân nhắc thêm phương án làm theo kiểu thot sâu ngắn
seg_0028,paid_meeting_test_0003,ừ để anh đề xuất thêm 1 phương án phát lại số hay kèm phần dẫn mới bằng chính host hiện tại,ừ để anh đề xuất thêm 1 phương án phát lại số hay kèm phần dẫn mới bằng chính host hiện tại
seg_0029,paid_meeting_test_0003,dạ em cũng thích ý này vừa quen thuộc vừa có cảm giác mới,dạ em cũng thích ý này vừa quen thuộc vừa có cảm giác mới
seg_0030,paid_meeting_test_0003,dạ cái đó em làm được chỉ cần record thêm phần dẫn rồi mix vào bản cũ,dạ cái đó em làm được chỉ cần record thêm phần dẫn rồi mix vào bản cũ
seg_0031,paid_meeting_test_0003,dạ hoặc mình làm 1 chuỗi mini series ngắn cũng được,dạ hoặc mình làm 1 chuỗi mini series ngắn cũng được
seg_0032,paid_meeting_test_0003,ừ vậy mình có 3 phương án rồi call-in show podcast phỏng vấn và rerun kèm dẫn mới,ừ vậy mình có 3 phương án rồi calling show podcast phỏng vấn và rerun kèm dẫn mới
seg_0033,paid_meeting_test_0003,dạ em nghĩ nên thử cả call-in show vì thính giả rất thích tương tác trực tiếp,dạ em nghĩ nên thử cả call in show vì thính giả rất thích tương tác trực tiếp
seg_0034,paid_meeting_test_0003,dạ nhưng em cảnh báo trước chương trình show tương tác trực tiếp cần thêm người trực kỹ thuật,dạ nhưng em cảnh báo trước chương trình show tương tác trực tiếp cần thêm người trực kỹ thuật
seg_0035,paid_meeting_test_0003,dạ tại sao lại cần thêm người ạ mình vẫn dùng hệ thống cũ mà,dạ tại sao lại cần thêm người ạ mình vẫn dùng hệ thống cũ mà
seg_0036,paid_meeting_test_0003,vì phải xử lý cuộc gọi live cần 1 người canh audio riêng không thể để 1 mình host vừa dẫn vừa canh kỹ thuật,vì phải xử lý cuộc gọi live cần 1 người canh audio riêng không thể để 1 mình host vừa dẫn vừa canh kỹ thuật
seg_0037,paid_meeting_test_0003,ừ trầm nói đúng live call-in rủi ro kỹ thuật cao hơn nhiều,ừ trầm nói đúng live calling rủi ro kỹ thuật cao hơn nhiều
seg_0038,paid_meeting_test_0003,dạ talk show cũng ổn nhưng cần thêm khách mời hơi rủi ro về thời gian,dạ thót sâu cũng ổn nhưng cần thêm khách mời hơi rủi ro về thời gian
seg_0039,paid_meeting_test_0003,dạ mini series thì cần dựng nhiều tập hơn hơi gấp trong 4 tuần,dạ mini series thì cần dựng nhiều tập hơn hơi dấp trong 4 tuần
seg_0040,paid_meeting_test_0003,dạ vậy em hiểu có lẽ để dành call-in show cho dịp khác,dạ vậy em hiểu có lẽ để dành coning show cho dịp khác
seg_0041,paid_meeting_test_0003,ừ cần bao nhiêu thời gian chuẩn bị mỗi buổi nếu làm phương án rerun kèm dẫn mới,ừ cần bao nhiêu thời gian chuẩn bị mỗi buổi nếu làm phương án rerun kèm dẫn mới
seg_0042,paid_meeting_test_0003,dạ khoảng nửa ngày để record phần dẫn với mix lại không tốn nhiều thời gian dựng như làm mới hoàn toàn,dạ khoảng nửa ngày để recover phần dẫn với miss lại không tốn nhiều thời gian dựng như là mới hoàn toàn
seg_0043,paid_meeting_test_0003,ừ vậy khả thi hơn nhiều so với 2 phương án option kia,ừ vậy khả thi hơn nhiều so với 2 phương án option kia
seg_0044,paid_meeting_test_0003,dạ em cũng nghĩ vậy host chỉ cần viết thêm phần script dẫn thôi,dạ em cũng nghĩ vậy hot chỉ cần viết thêm phần script dẫn thôi
seg_0045,paid_meeting_test_0003,dạ đúng rồi phần audio gốc vẫn giữ nguyên chất lượng chỉ thêm đoạn mới new ở đầu và cuối,dạ đúng rồi phần audio gốc vẫn giữ nguyên chất lượng chỉ thêm đạn mới nêu ở đầu và cuối
seg_0046,paid_meeting_test_0003,ừ đúng rồi mình ưu tiên phương án option ít rủi ro về thời gian,ừ đúng rồi mình ưu tiên phương án option ít rủi ro về thời gian
seg_0047,paid_meeting_test_0003,ừ vậy mình có 2 phương án khả thi nhất podcast phỏng vấn và rerun kèm dẫn mới,ừ vậy mình có 2 phương án khả thi nhất podcast phỏng vấn và rerun kèm dẫn mới
seg_0048,paid_meeting_test_0003,dạ để em tóm tắt lại trước khi mình vote nhé,dạ để em tóm tắt lại trước khi mình vote nhé
seg_0049,paid_meeting_test_0003,ừ đúng rồi mình tránh phương án phụ thuộc vào người ngoài,ừ đúng rồi mình tránh phương án phụ thuộc vào người ngoài
seg_0050,paid_meeting_test_0003,ừ tóm tắt đi,ừ tóm tắt đi
seg_0051,paid_meeting_test_0003,dạ phương án 1 là podcast phỏng vấn khách mời mới phương án 2 là rerun số cũ kèm phần dẫn mới của host hiện tại,dạ phương án 1 là podcast phỏng vấn khách mời mới phương án 2 là rerun số cũ kèm phần dẫn mới của host hiện tại
seg_0052,paid_meeting_test_0003,dạ đúng rồi ạ,dạ đúng rồi ạ
seg_0053,paid_meeting_test_0003,ừ giờ mình vote chọn 1 trong 2 phương án nhé,ừ giờ mình vote chọn 1 trong 2 phương án nhé
seg_0054,paid_meeting_test_0003,dạ em cũng nghĩ nên ưu tiên tốc độ hơn là làm quá cầu kỳ,dạ em cũng nghĩ nên ưu tiên tốc độ hơn là làm quá cầu kỳ
seg_0055,paid_meeting_test_0003,dạ vâng ạ,dạ vâng ạ
seg_0056,paid_meeting_test_0003,anh chọn phương án rerun kèm dẫn mới vì ít rủi ro và làm kịp trong 4 tuần,anh chọn phương án rerun kèm dẫn mới vì ít rủi ro và làm kịp trong 4 tuần
seg_0057,paid_meeting_test_0003,dạ em cũng chọn phương án đó an toàn hơn cho lần đầu thử nghiệm test,dạ em cũng chọn phương án đó an toàn hơn cho lần đầu thử nghiệm test
seg_0058,paid_meeting_test_0003,dạ em cũng đồng ý phương án rerun kèm dẫn mới ạ,dạ em cũng đồng ý phương án rerun kèm dẫn mới ạ
seg_0059,paid_meeting_test_0003,ok vậy mình chốt định dạng phát lại kèm phần dẫn mới new,ok vậy mình chốt định dạng phát lại kèm phần dẫn mới new
seg_0060,paid_meeting_test_0003,dạ em đồng ý tự chủ nội dung vẫn an toàn hơn,dạ em đồng ý tự chủ nội dung vẫn an toàn hơn
seg_0061,paid_meeting_test_0003,dạ em sẽ chọn 3 số cũ được yêu thích nhất để làm trước,dạ em sẽ chọn 3 số cũ được yêu thích nhất để làm trước
seg_0062,paid_meeting_test_0003,dạ nếu làm live call-in thì em cần thêm ít nhất 1 kỹ thuật viên nữa trực,dạ nếu làm live call in thì em cần thêm ít nhất 1 kỹ thuật viên nửa trực
seg_0063,paid_meeting_test_0003,ừ tốt giờ mình phân công cụ thể nhé,ừ tốt giờ mình phân công cụ thể nhé
seg_0064,paid_meeting_test_0003,dạ vâng ạ,dạ vâng ạ
seg_0065,paid_meeting_test_0003,ngô viết script dẫn cho 3 số chọn nhạc nền phù hợp cho từng số,mua vít script dẫn cho 3 số chọn nhạc nền phù hợp cho từng số
seg_0066,paid_meeting_test_0003,dạ vâng em sẽ viết script dẫn và note nhạc nền ngay hôm nay,dạ vâng em sẽ viết script dẫn và note nhạc nền ngay hôm nay
seg_0067,paid_meeting_test_0003,ừ trầm sắp lịch thu và chuẩn bị mix lại phần audio,ừ trầm sắp được thu và chuẩn bị mix lại phần audio
seg_0068,paid_meeting_test_0003,dạ vâng em sẽ đặt lịch thu và chuẩn bị session mix cho 3 số,dạ vâng em sẽ đặt lịch thu và chuẩn bị session mix cho 3 số
seg_0069,paid_meeting_test_0003,ừ vậy nhân sự hiện tại không đủ cho phương án đó,ừ vậy nhân sự hiện tại không đủ cho phương án đó
seg_0070,paid_meeting_test_0003,ừ tốt cần khoảng bao lâu để hoàn thành hết 3 số,ừ tốt cần khoảng bao lâu để hoàn thành hết 3 số
seg_0071,paid_meeting_test_0003,dạ em sẽ chuẩn bị backup track nhạc nền phòng khi bản chính bị lỗi,dạ em sẽ chuẩn bị backup trác nhạc nền phòng khi bản chính bị lỗi
seg_0072,paid_meeting_test_0003,dạ mỗi số nửa ngày 3 số chắc mất khoảng 1 tuần rưỡi nếu làm tuần tự,dạ mỗi số nửa ngày 3 số chắc mất khoảng 1 tuần rưỡi nếu làm tuần tự
seg_0073,paid_meeting_test_0003,ừ vậy kịp trước khi slot trống bắt đầu,ừ vậy kịp trước khi slot trong bắt đầu
seg_0074,paid_meeting_test_0003,dạ em cũng cố gắng giao script sớm để trầm chủ động lịch thu,dạ em cũng cố gắng giao script sớm để chầm chủ động lịch thu
seg_0075,paid_meeting_test_0003,ừ tốt lắm còn phần giới thiệu chương trình show mới trên sóng thì sao,ừ tốt lắm còn phần giới thiệu chương trình show mới trên sóng thì sao
seg_0076,paid_meeting_test_0003,dạ em nghĩ nên có 1 đoạn intro ngắn giải thích đây là số phát lại có phần dẫn mới,dạ em nghĩ nên có 1 đoạn intro ngắn giải thích đây là số phát lại có phần dẫn mới
seg_0077,paid_meeting_test_0003,dạ em đồng ý bỏ phương án call-in cho lần này,dạ em đồng ý bỏ phương án call in cho lần này
seg_0078,paid_meeting_test_0003,dạ em cũng thấy phương án rerun an toàn hơn cho lần đầu thử format mới,dạ em cũng thấy phương án rerun an toàn hơn cho lần đầu thử phong cách mới
seg_0079,paid_meeting_test_0003,ừ đồng ý tránh để thính giả hiểu lầm là chương trình show mới hoàn toàn,ừ đồng ý tránh để thính giả hiểu lầm là chương trình show mới hoàn toàn
seg_0080,paid_meeting_test_0003,dạ em sẽ chèn đoạn thông báo ngắn ở đầu mỗi số,dạ em sẽ chèn đoạn thông báo nhắn ở đầu mỗi số
seg_0081,paid_meeting_test_0003,ừ tốt giờ mình tổng kết lại khung phát sóng mới nhé,tốt giờ mình tổng kết lại khung phát sóng mới nhé
seg_0082,paid_meeting_test_0003,ừ tốt luôn có backup là chắc ăn nhất,ừ tốt luôn có backup là chắc ăn nhất
seg_0083,paid_meeting_test_0003,dạ vâng ạ,dạ vâng ạ
seg_0084,paid_meeting_test_0003,tối thứ 44 tuần tới sẽ phát lại số cũ kèm phần dẫn mới new có thông báo ngắn ở đầu,tối thứ 44 tuần tới sẽ phát lại số cũ kèm phần dẫn mới new có thông báo ngắn ở đầu
seg_0085,paid_meeting_test_0003,dạ đúng vậy ạ,dạ đúng vậy ạ
seg_0086,paid_meeting_test_0003,dạ để em tính thêm thời gian mix cho chắc khoảng 4 giờ mỗi số,dạ để em tính thêm thời gian miss cho chắc khoảng 4 giờ mỗi số
seg_0087,paid_meeting_test_0003,dạ em cũng confirm đúng như vậy ạ,dạ em cũng confirm đúng như vậy ạ
seg_0088,paid_meeting_test_0003,ok chốt vậy mọi người còn ý kiến feedback gì không,ok chốt vậy mọi người còn ý kiến feedback gì không
seg_0089,paid_meeting_test_0003,dạ không ạ,dạ không ạ
seg_0090,paid_meeting_test_0003,dạ em cũng ok,dạ em cũng ok
seg_0091,paid_meeting_test_0003,tốt cảm ơn 2 em đã tìm được phương án nhanh,tốt cảm ơn 2 em đã tìm được phương án nhanh
seg_0092,paid_meeting_test_0003,dạ em cũng thấy nhẹ cả người sợ không kịp có content cho slot trống,dạ em cũng thấy nhẹ cả người sợ không kịp có content cho slot trống
seg_0093,paid_meeting_test_0003,dạ em cũng sẽ lưu file demo riêng để dễ chỉnh sửa sau,dạ em cũng sẽ lưu file demo riêng để dễ chỉnh sửa sau
seg_0094,paid_meeting_test_0003,ừ 4 giờ nghe hợp lý không ảnh hưởng lịch schedule khác của phòng thu,ừ 4 giờ nghe hợp lý không ảnh hưởng lịch schedule khác của phòng thu
seg_0095,paid_meeting_test_0003,dạ phương án này khả thi với năng lực phòng thu hiện tại,dạ phương án này khả thi với năng lực phòng thu hiện tại
seg_0096,paid_meeting_test_0003,ừ mình cứ làm theo hướng này thử nghiệm rồi review sau,ừ mình cứ làm theo hướng này thử nghiệm rồi review sau
seg_0097,paid_meeting_test_0003,dạ vâng em sẽ theo dõi feedback thính giả sau khi phát,dạ vâng em sẽ theo dõi feedback thính giả sau khi phát
seg_0098,paid_meeting_test_0003,ừ tốt giờ mình nhắc lại phần deadline nộp kịch bản nhé,ừ tốt giờ mình nhắc lại phần deadline nộp kịch bản nhé
seg_0099,paid_meeting_test_0003,dạ em sẽ nộp script số đầu tiên trong 2 ngày tới,dạ em sẽ nộp script số đầu tiên trong 2 ngày tới
seg_0100,paid_meeting_test_0003,ừ nhớ gửi luôn cho trầm để sắp lịch schedule thu song song,ừ nhớ gửi luôn cho chồng để sắp lịch schedule thu song song
seg_0101,paid_meeting_test_0003,dạ em cũng sẽ review lại danh sách số cũ được yêu thích nhất,dạ em cũng sẽ review lại danh sách số cũ được yêu thích nhất
seg_0102,paid_meeting_test_0003,dạ em sẽ đợi script rồi book lịch phòng thu ngay,dạ em sẽ đợi script rồi bút lịch phòng thu ngay
seg_0103,paid_meeting_test_0003,ừ tốt còn phần nhạc nền thì chọn theo mood của từng số nhé,ừ tốt còn phần nhạc nền thì chọn theo mút của từng số nhé
seg_0104,paid_meeting_test_0003,dạ em cũng note lại thời lượng chuẩn mỗi số để dễ canh giờ phát,dạ em cũng note lại thời lượng chuẩn mỗi số để dễ căng giờ phát
seg_0105,paid_meeting_test_0003,dạ vâng em sẽ note rõ mood cho từng số trong script,dạ vâng em sẽ note rõ mode cho từng số trong script
